time,Import T1 kWh,Import T2 kWh,Export T1 kWh,Export T2 kWh,L1 max W,L2 max W,L3 max W
2025-05-01 00:00,5377.675,5429.561,0.008,0.014,0,146,63
2025-05-01 00:15,5377.727,5429.561,0.008,0.014,0,19,63
2025-05-01 00:30,5377.747,5429.561,0.008,0.014,0,34,63
2025-05-01 00:45,5377.771,5429.561,0.008,0.014,0,145,63
2025-05-01 01:00,5377.822,5429.561,0.008,0.014,0,142,62
2025-05-01 01:15,5377.863,5429.561,0.008,0.014,0,19,62
2025-05-01 01:30,5377.883,5429.561,0.008,0.014,0,19,63
2025-05-01 01:45,5377.904,5429.561,0.008,0.014,0,19,62
2025-05-01 02:00,5377.924,5429.561,0.008,0.014,0,141,62
2025-05-01 02:15,5377.975,5429.561,0.008,0.014,0,138,63
2025-05-01 02:30,5378.025,5429.561,0.008,0.014,0,135,63
2025-05-01 02:45,5378.056,5429.561,0.008,0.014,0,19,62
2025-05-01 03:00,5378.075,5429.561,0.008,0.014,0,142,63
2025-05-01 03:15,5378.124,5429.561,0.008,0.014,0,143,62
2025-05-01 03:30,5378.167,5429.561,0.008,0.014,0,19,62
2025-05-01 03:45,5378.188,5429.561,0.008,0.014,0,147,62
2025-05-01 04:00,5378.218,5429.561,0.008,0.014,0,143,63
2025-05-01 04:15,5378.270,5429.561,0.008,0.014,0,140,62
2025-05-01 04:30,5378.301,5429.561,0.008,0.014,0,18,64
2025-05-01 04:45,5378.322,5429.561,0.008,0.014,0,143,62
2025-05-01 05:00,5378.363,5429.561,0.008,0.014,0,144,62
2025-05-01 05:15,5378.414,5429.561,0.008,0.014,0,19,62
2025-05-01 05:30,5378.434,5429.561,0.008,0.014,0,19,62
2025-05-01 05:45,5378.456,5429.561,0.008,0.014,0,144,62
2025-05-01 06:00,5378.507,5429.561,0.008,0.014,0,145,64
2025-05-01 06:15,5378.547,5429.561,0.008,0.014,0,19,63
2025-05-01 06:30,5378.568,5429.561,0.008,0.014,0,143,72
2025-05-01 06:45,5378.613,5429.561,0.008,0.014,0,145,73
2025-05-01 07:00,5378.664,5429.562,0.008,0.014,0,19,65
2025-05-01 07:15,5378.664,5429.583,0.008,0.014,0,57,63
2025-05-01 07:30,5378.664,5429.607,0.008,0.014,0,143,64
2025-05-01 07:45,5378.664,5429.660,0.008,0.014,0,141,64
2025-05-01 08:00,5378.664,5429.696,0.008,0.014,0,19,66
2025-05-01 08:15,5378.664,5429.718,0.008,0.014,0,19,63
2025-05-01 08:30,5378.664,5429.738,0.008,0.014,2336,70,68
2025-05-01 08:45,5378.664,5429.976,0.008,0.014,1347,144,73
2025-05-01 09:00,5378.664,5430.145,0.008,0.014,2049,140,66
2025-05-01 09:15,5378.664,5430.396,0.008,0.014,1379,136,113
2025-05-01 09:30,5378.664,5430.613,0.008,0.014,132,18,115
2025-05-01 09:45,5378.664,5430.681,0.008,0.014,132,139,108
2025-05-01 10:00,5378.664,5430.763,0.008,0.014,112,140,119
2025-05-01 10:15,5378.664,5430.853,0.008,0.014,206,18,115
2025-05-01 10:30,5378.664,5430.919,0.008,0.014,0,85,112
2025-05-01 10:45,5378.664,5430.958,0.008,0.014,0,142,105
2025-05-01 11:00,5378.664,5431.018,0.008,0.014,0,140,101
2025-05-01 11:15,5378.664,5431.067,0.008,0.014,0,18,105
2025-05-01 11:30,5378.664,5431.097,0.008,0.014,0,145,103
2025-05-01 11:45,5378.664,5431.143,0.008,0.014,0,143,109
2025-05-01 12:00,5378.664,5431.204,0.008,0.014,0,108,105
2025-05-01 12:15,5378.664,5431.242,0.008,0.014,0,18,103
2025-05-01 12:30,5378.664,5431.272,0.008,0.014,0,141,98
2025-05-01 12:45,5378.664,5431.328,0.008,0.014,0,146,105
2025-05-01 13:00,5378.664,5431.385,0.008,0.014,0,19,105
2025-05-01 13:15,5378.664,5431.416,0.008,0.014,0,57,179
2025-05-01 13:30,5378.664,5431.468,0.008,0.014,0,145,2059
2025-05-01 13:45,5378.664,5431.839,0.008,0.014,0,141,2050
2025-05-01 14:00,5378.664,5432.285,0.008,0.014,0,18,194
2025-05-01 14:15,5378.664,5432.339,0.008,0.014,2302,146,196
2025-05-01 14:30,5378.664,5432.799,0.008,0.014,1042,319,197
2025-05-01 14:45,5378.664,5433.092,0.008,0.014,213,312,2104
2025-05-01 15:00,5378.664,5433.591,0.008,0.014,1117,266,1849
2025-05-01 15:15,5378.664,5434.058,0.008,0.014,671,258,157
2025-05-01 15:30,5378.664,5434.270,0.008,0.014,190,309,118
2025-05-01 15:45,5378.664,5434.406,0.008,0.014,199,382,111
2025-05-01 16:00,5378.664,5434.552,0.008,0.014,6,388,113
2025-05-01 16:15,5378.664,5434.681,0.008,0.014,6,310,119
2025-05-01 16:30,5378.664,5434.778,0.008,0.014,6,258,123
2025-05-01 16:45,5378.664,5434.877,0.008,0.014,6,386,125
2025-05-01 17:00,5378.664,5435.002,0.008,0.014,6,383,126
2025-05-01 17:15,5378.664,5435.103,0.008,0.014,0,21,122
2025-05-01 17:30,5378.664,5435.138,0.008,0.014,0,148,121
2025-05-01 17:45,5378.664,5435.187,0.008,0.014,0,145,120
2025-05-01 18:00,5378.664,5435.251,0.008,0.014,163,130,116
2025-05-01 18:15,5378.664,5435.320,0.008,0.014,1457,192,132
2025-05-01 18:30,5378.664,5435.646,0.008,0.014,767,304,140
2025-05-01 18:45,5378.664,5435.933,0.008,0.014,665,299,97
2025-05-01 19:00,5378.664,5436.163,0.008,0.014,10,98,181
2025-05-01 19:15,5378.664,5436.218,0.008,0.014,6,147,184
2025-05-01 19:30,5378.664,5436.292,0.008,0.014,0,144,175
2025-05-01 19:45,5378.664,5436.364,0.008,0.014,0,21,153
2025-05-01 20:00,5378.664,5436.404,0.008,0.014,0,118,158
2025-05-01 20:15,5378.664,5436.448,0.008,0.014,0,149,89
2025-05-01 20:30,5378.664,5436.506,0.008,0.014,0,149,90
2025-05-01 20:45,5378.664,5436.544,0.008,0.014,0,21,87
2025-05-01 21:00,5378.664,5436.568,0.008,0.014,0,149,70
2025-05-01 21:15,5378.664,5436.615,0.008,0.014,1,145,69
2025-05-01 21:30,5378.664,5436.687,0.008,0.014,1585,25,84
2025-05-01 21:45,5378.664,5436.837,0.008,0.014,0,18,86
2025-05-01 22:00,5378.664,5436.860,0.008,0.014,0,18,65
2025-05-01 22:15,5378.664,5436.882,0.008,0.014,0,142,62
2025-05-01 22:30,5378.664,5436.932,0.008,0.014,0,144,63
2025-05-01 22:45,5378.664,5436.985,0.008,0.014,0,144,63
2025-05-01 23:00,5378.664,5437.016,0.008,0.014,0,18,63
2025-05-01 23:15,5378.685,5437.016,0.008,0.014,0,146,65
2025-05-01 23:30,5378.728,5437.016,0.008,0.014,0,147,64
2025-05-01 23:45,5378.780,5437.016,0.008,0.014,0,19,63
2025-05-02 00:00,5378.800,5437.016,0.008,0.014,0,34,63
2025-05-02 00:15,5378.823,5437.016,0.008,0.014,0,146,64
2025-05-02 00:30,5378.874,5437.016,0.008,0.014,0,143,64
2025-05-02 00:45,5378.915,5437.016,0.008,0.014,0,18,63
2025-05-02 01:00,5378.935,5437.016,0.008,0.014,0,144,65
2025-05-02 01:15,5378.969,5437.016,0.008,0.014,0,144,67
2025-05-02 01:30,5379.019,5437.016,0.008,0.014,0,112,64
2025-05-02 01:45,5379.048,5437.016,0.008,0.014,0,20,63
2025-05-02 02:00,5379.069,5437.016,0.008,0.014,0,148,63
2025-05-02 02:15,5379.113,5437.016,0.008,0.014,0,148,62
2025-05-02 02:30,5379.162,5437.016,0.008,0.014,0,20,62
2025-05-02 02:45,5379.183,5437.016,0.008,0.014,0,20,63
2025-05-02 03:00,5379.203,5437.016,0.008,0.014,0,148,62
2025-05-02 03:15,5379.256,5437.016,0.008,0.014,0,143,62
2025-05-02 03:30,5379.295,5437.016,0.008,0.014,0,20,62
2025-05-02 03:45,5379.316,5437.016,0.008,0.014,0,110,64
2025-05-02 04:00,5379.345,5437.016,0.008,0.014,0,143,66
2025-05-02 04:15,5379.398,5437.016,0.008,0.014,0,139,64
2025-05-02 04:30,5379.429,5437.016,0.008,0.014,0,20,65
2025-05-02 04:45,5379.451,5437.016,0.008,0.014,0,20,66
2025-05-02 05:00,5379.472,5437.016,0.008,0.014,0,20,66
2025-05-02 05:15,5379.494,5437.016,0.008,0.014,0,143,66
2025-05-02 05:30,5379.544,5437.016,0.008,0.014,0,144,63
2025-05-02 05:45,5379.596,5437.016,0.008,0.014,0,53,65
2025-05-02 06:00,5379.619,5437.016,0.008,0.014,0,20,72
2025-05-02 06:15,5379.643,5437.016,0.008,0.014,0,140,73
2025-05-02 06:30,5379.696,5437.016,0.008,0.014,0,143,73
2025-05-02 06:45,5379.736,5437.016,0.008,0.014,0,20,73
2025-05-02 07:00,5379.759,5437.016,0.008,0.014,0,142,67
2025-05-02 07:15,5379.759,5437.063,0.008,0.014,0,141,66
2025-05-02 07:30,5379.759,5437.105,0.008,0.014,0,19,67
2025-05-02 07:45,5379.759,5437.127,0.008,0.014,0,127,68
2025-05-02 08:00,5379.759,5437.157,0.008,0.014,0,142,67
2025-05-02 08:15,5379.759,5437.211,0.008,0.014,0,119,65
2025-05-02 08:30,5379.759,5437.238,0.008,0.014,0,19,65
2025-05-02 08:45,5379.759,5437.260,0.008,0.014,0,147,66
2025-05-02 09:00,5379.759,5437.302,0.008,0.014,0,143,65
2025-05-02 09:15,5379.759,5437.349,0.008,0.014,0,18,65
2025-05-02 09:30,5379.759,5437.369,0.008,0.014,0,50,66
2025-05-02 09:45,5379.759,5437.395,0.008,0.014,0,140,65
2025-05-02 10:00,5379.759,5437.445,0.008,0.014,0,137,65
2025-05-02 10:15,5379.759,5437.479,0.008,0.014,0,18,67
2025-05-02 10:30,5379.759,5437.499,0.008,0.014,0,140,66
2025-05-02 10:45,5379.759,5437.537,0.008,0.014,0,144,65
2025-05-02 11:00,5379.759,5437.587,0.008,0.014,0,31,65
2025-05-02 11:15,5379.759,5437.608,0.008,0.014,0,18,65
2025-05-02 11:30,5379.759,5437.629,0.008,0.014,0,18,66
2025-05-02 11:45,5379.759,5437.650,0.008,0.014,0,109,65
2025-05-02 12:00,5379.759,5437.679,0.008,0.014,0,143,64
2025-05-02 12:15,5379.759,5437.731,0.008,0.014,0,138,64
2025-05-02 12:30,5379.759,5437.774,0.008,0.014,0,18,65
2025-05-02 12:45,5379.759,5437.795,0.008,0.014,0,109,66
2025-05-02 13:00,5379.759,5437.824,0.008,0.014,0,144,64
2025-05-02 13:15,5379.759,5437.877,0.008,0.014,0,107,67
2025-05-02 13:30,5379.759,5437.904,0.008,0.014,0,18,64
2025-05-02 13:45,5379.759,5437.925,0.008,0.014,0,139,64
2025-05-02 14:00,5379.759,5437.967,0.008,0.014,0,141,66
2025-05-02 14:15,5379.759,5438.012,0.008,0.014,0,18,67
2025-05-02 14:30,5379.759,5438.032,0.008,0.014,0,66,65
2025-05-02 14:45,5379.759,5438.060,0.008,0.014,0,142,64
2025-05-02 15:00,5379.759,5438.109,0.008,0.014,0,141,65
2025-05-02 15:15,5379.759,5438.142,0.008,0.014,0,18,66
2025-05-02 15:30,5379.759,5438.162,0.008,0.014,0,137,66
2025-05-02 15:45,5379.759,5438.202,0.008,0.014,0,143,65
2025-05-02 16:00,5379.759,5438.250,0.008,0.014,0,17,67
2025-05-02 16:15,5379.759,5438.272,0.008,0.014,0,18,66
2025-05-02 16:30,5379.759,5438.292,0.008,0.014,0,142,66
2025-05-02 16:45,5379.759,5438.344,0.008,0.014,0,138,66
2025-05-02 17:00,5379.759,5438.381,0.008,0.014,0,18,66
2025-05-02 17:15,5379.759,5438.402,0.008,0.014,0,147,65
2025-05-02 17:30,5379.759,5438.434,0.008,0.014,0,138,66
2025-05-02 17:45,5379.759,5438.487,0.008,0.014,0,67,66
2025-05-02 18:00,5379.759,5438.511,0.008,0.014,0,18,67
2025-05-02 18:15,5379.759,5438.533,0.008,0.014,0,18,66
2025-05-02 18:30,5379.759,5438.553,0.008,0.014,0,18,67
2025-05-02 18:45,5379.759,5438.576,0.008,0.014,0,139,65
2025-05-02 19:00,5379.759,5438.626,0.008,0.014,0,141,65
2025-05-02 19:15,5379.759,5438.678,0.008,0.014,510,275,67
2025-05-02 19:30,5379.759,5438.798,0.008,0.014,1453,263,176
2025-05-02 19:45,5379.759,5438.982,0.008,0.014,1,223,67
2025-05-02 20:00,5379.759,5439.052,0.008,0.014,0,204,121
2025-05-02 20:15,5379.759,5439.116,0.008,0.014,0,167,116
2025-05-02 20:30,5379.759,5439.174,0.008,0.014,0,224,117
2025-05-02 20:45,5379.759,5439.259,0.008,0.014,0,198,119
2025-05-02 21:00,5379.759,5439.318,0.008,0.014,394,97,125
2025-05-02 21:15,5379.759,5439.431,0.008,0.014,909,147,131
2025-05-02 21:30,5379.759,5439.552,0.008,0.014,0,147,108
2025-05-02 21:45,5379.759,5439.606,0.008,0.014,0,23,131
2025-05-02 22:00,5379.759,5439.644,0.008,0.014,0,111,127
2025-05-02 22:15,5379.759,5439.691,0.008,0.014,0,143,132
2025-05-02 22:30,5379.759,5439.757,0.008,0.014,0,96,134
2025-05-02 22:45,5379.759,5439.794,0.008,0.014,0,18,66
2025-05-02 23:00,5379.759,5439.814,0.008,0.014,0,147,65
2025-05-02 23:15,5379.805,5439.814,0.008,0.014,0,143,65
2025-05-02 23:30,5379.848,5439.814,0.008,0.014,0,18,64
2025-05-02 23:45,5379.869,5439.814,0.008,0.014,0,73,64
2025-05-03 00:00,5379.895,5439.814,0.008,0.014,0,144,64
2025-05-03 00:15,5379.947,5439.814,0.008,0.014,0,141,63
2025-05-03 00:30,5379.976,5439.814,0.008,0.014,0,18,63
2025-05-03 00:45,5379.997,5439.814,0.008,0.014,0,19,63
2025-05-03 01:00,5380.017,5439.814,0.008,0.014,0,18,63
2025-05-03 01:15,5380.039,5439.814,0.008,0.014,0,143,63
2025-05-03 01:30,5380.088,5439.814,0.008,0.014,0,145,64
2025-05-03 01:45,5380.139,5439.814,0.008,0.014,0,19,65
2025-05-03 02:00,5380.159,5439.814,0.008,0.014,0,36,63
2025-05-03 02:15,5380.183,5439.814,0.008,0.014,0,142,63
2025-05-03 02:30,5380.233,5439.814,0.008,0.014,0,141,63
2025-05-03 02:45,5380.266,5439.814,0.008,0.014,0,19,63
2025-05-03 03:00,5380.286,5439.814,0.008,0.014,0,139,63
2025-05-03 03:15,5380.325,5439.814,0.008,0.014,0,142,62
2025-05-03 03:30,5380.371,5439.814,0.008,0.014,0,19,63
2025-05-03 03:45,5380.392,5439.814,0.008,0.014,0,19,64
2025-05-03 04:00,5380.414,5439.814,0.008,0.014,0,142,64
2025-05-03 04:15,5380.466,5439.814,0.008,0.014,0,140,65
2025-05-03 04:30,5380.499,5439.814,0.008,0.014,0,19,63
2025-05-03 04:45,5380.519,5439.814,0.008,0.014,0,138,64
2025-05-03 05:00,5380.554,5439.814,0.008,0.014,0,141,76
2025-05-03 05:15,5380.608,5439.814,0.008,0.014,0,19,85
2025-05-03 05:30,5380.633,5439.814,0.008,0.014,0,19,74
2025-05-03 05:45,5380.655,5439.814,0.008,0.014,0,141,65
2025-05-03 06:00,5380.702,5439.814,0.008,0.014,0,139,67
2025-05-03 06:15,5380.742,5439.814,0.008,0.014,0,18,67
2025-05-03 06:30,5380.763,5439.814,0.008,0.014,0,262,67
2025-05-03 06:45,5380.794,5439.814,0.008,0.014,0,142,70
2025-05-03 07:00,5380.845,5439.814,0.008,0.014,0,91,68
2025-05-03 07:15,5380.874,5439.814,0.008,0.014,0,19,69
2025-05-03 07:30,5380.895,5439.814,0.008,0.014,0,19,68
2025-05-03 07:45,5380.917,5439.814,0.008,0.014,0,19,67
2025-05-03 08:00,5380.938,5439.814,0.008,0.014,0,134,67
2025-05-03 08:15,5380.989,5439.814,0.008,0.014,0,142,69
2025-05-03 08:30,5381.039,5439.814,0.008,0.014,0,48,66
2025-05-03 08:45,5381.063,5439.814,0.008,0.014,0,19,67
2025-05-03 09:00,5381.084,5439.814,0.008,0.014,0,208,67
2025-05-03 09:15,5381.135,5439.814,0.008,0.014,0,138,78
2025-05-03 09:30,5381.172,5439.814,0.008,0.014,0,19,87
2025-05-03 09:45,5381.196,5439.814,0.008,0.014,0,145,67
2025-05-03 10:00,5381.228,5439.814,0.008,0.014,0,140,67
2025-05-03 10:15,5381.281,5439.814,0.008,0.014,336,143,162
2025-05-03 10:30,5381.378,5439.814,0.008,0.014,1822,19,173
2025-05-03 10:45,5381.595,5439.814,0.008,0.014,6,138,178
2025-05-03 11:00,5381.661,5439.814,0.008,0.014,0,141,186
2025-05-03 11:15,5381.734,5439.814,0.008,0.014,0,19,172
2025-05-03 11:30,5381.781,5439.814,0.008,0.014,0,97,179
2025-05-03 11:45,5381.839,5439.814,0.008,0.014,0,142,191
2025-05-03 12:00,5381.914,5439.814,0.008,0.014,0,93,148
2025-05-03 12:15,5381.960,5439.814,0.008,0.014,0,19,134
2025-05-03 12:30,5381.995,5439.814,0.008,0.014,0,141,130
2025-05-03 12:45,5382.054,5439.814,0.008,0.014,7,138,129
2025-05-03 13:00,5382.110,5439.814,0.008,0.014,660,17,131
2025-05-03 13:15,5382.222,5439.814,0.008,0.014,117,72,122
2025-05-03 13:30,5382.281,5439.814,0.008,0.014,111,139,95
2025-05-03 13:45,5382.365,5439.814,0.008,0.014,114,118,157
2025-05-03 14:00,5382.433,5439.814,0.008,0.014,105,17,135
2025-05-03 14:15,5382.499,5439.814,0.008,0.014,119,17,138
2025-05-03 14:30,5382.559,5439.814,0.008,0.014,112,17,139
2025-05-03 14:45,5382.622,5439.814,0.008,0.014,99,140,135
2025-05-03 15:00,5382.710,5439.814,0.008,0.014,352,138,136
2025-05-03 15:15,5382.846,5439.814,0.008,0.014,1,17,134
2025-05-03 15:30,5382.884,5439.814,0.008,0.014,0,52,139
2025-05-03 15:45,5382.923,5439.814,0.008,0.014,0,140,131
2025-05-03 16:00,5382.985,5439.814,0.008,0.014,0,136,207
2025-05-03 16:15,5383.042,5439.814,0.008,0.014,0,17,1365
2025-05-03 16:30,5383.348,5439.814,0.008,0.014,1880,136,2057
2025-05-03 16:45,5383.909,5439.814,0.008,0.014,510,139,207
2025-05-03 17:00,5384.076,5439.814,0.008,0.014,672,185,223
2025-05-03 17:15,5384.229,5439.814,0.008,0.014,6,134,261
2025-05-03 17:30,5384.311,5439.814,0.008,0.014,6,139,1852
2025-05-03 17:45,5384.549,5439.814,0.008,0.014,0,18,2096
2025-05-03 18:00,5384.772,5439.814,0.008,0.014,771,145,188
2025-05-03 18:15,5384.908,5439.814,0.008,0.014,0,141,170
2025-05-03 18:30,5384.983,5439.814,0.008,0.014,0,19,164
2025-05-03 18:45,5385.028,5439.814,0.008,0.014,0,19,236
2025-05-03 19:00,5385.090,5439.814,0.008,0.014,0,142,273
2025-05-03 19:15,5385.187,5439.814,0.008,0.014,0,141,252
2025-05-03 19:30,5385.260,5439.814,0.008,0.014,0,19,234
2025-05-03 19:45,5385.322,5439.814,0.008,0.014,1367,123,211
2025-05-03 20:00,5385.499,5439.814,0.008,0.014,0,141,216
2025-05-03 20:15,5385.587,5439.814,0.008,0.014,0,54,195
2025-05-03 20:30,5385.642,5439.814,0.008,0.014,0,18,204
2025-05-03 20:45,5385.696,5439.814,0.008,0.014,0,18,191
2025-05-03 21:00,5385.746,5439.814,0.008,0.014,0,65,188
2025-05-03 21:15,5385.800,5439.814,0.008,0.014,0,140,180
2025-05-03 21:30,5385.876,5439.814,0.008,0.014,0,139,144
2025-05-03 21:45,5385.943,5439.814,0.008,0.014,0,18,129
2025-05-03 22:00,5385.978,5439.814,0.008,0.014,0,19,118
2025-05-03 22:15,5386.013,5439.814,0.008,0.014,0,138,117
2025-05-03 22:30,5386.075,5439.814,0.008,0.014,0,139,121
2025-05-03 22:45,5386.124,5439.814,0.008,0.014,0,19,121
2025-05-03 23:00,5386.157,5439.814,0.008,0.014,0,138,117
2025-05-03 23:15,5386.206,5439.814,0.008,0.014,0,142,117
2025-05-03 23:30,5386.269,5439.814,0.008,0.014,0,33,122
2025-05-03 23:45,5386.304,5439.814,0.008,0.014,0,19,116
2025-05-04 00:00,5386.334,5439.814,0.008,0.014,0,137,96
2025-05-04 00:15,5386.389,5439.814,0.008,0.014,0,141,102
2025-05-04 00:30,5386.435,5439.814,0.008,0.014,0,19,95
2025-05-04 00:45,5386.464,5439.814,0.008,0.014,0,91,96
2025-05-04 01:00,5386.498,5439.814,0.008,0.014,0,139,95
2025-05-04 01:15,5386.557,5439.814,0.008,0.014,0,134,93
2025-05-04 01:30,5386.594,5439.814,0.008,0.014,0,19,97
2025-05-04 01:45,5386.623,5439.814,0.008,0.014,0,137,96
2025-05-04 02:00,5386.665,5439.814,0.008,0.014,0,142,94
2025-05-04 02:15,5386.722,5439.814,0.008,0.014,0,19,97
2025-05-04 02:30,5386.750,5439.814,0.008,0.014,0,19,100
2025-05-04 02:45,5386.778,5439.814,0.008,0.014,0,139,91
2025-05-04 03:00,5386.830,5439.814,0.008,0.014,0,137,107
2025-05-04 03:15,5386.878,5439.814,0.008,0.014,0,19,91
2025-05-04 03:30,5386.905,5439.814,0.008,0.014,0,19,93
2025-05-04 03:45,5386.932,5439.814,0.008,0.014,0,18,93
2025-05-04 04:00,5386.959,5439.814,0.008,0.014,0,240,98
2025-05-04 04:15,5387.001,5439.814,0.008,0.014,0,140,89
2025-05-04 04:30,5387.057,5439.814,0.008,0.014,0,136,92
2025-05-04 04:45,5387.102,5439.814,0.008,0.014,0,19,92
2025-05-04 05:00,5387.129,5439.814,0.008,0.014,0,126,91
2025-05-04 05:15,5387.168,5439.814,0.008,0.014,0,141,92
2025-05-04 05:30,5387.224,5439.814,0.008,0.014,0,48,90
2025-05-04 05:45,5387.255,5439.814,0.008,0.014,0,19,93
2025-05-04 06:00,5387.282,5439.814,0.008,0.014,0,138,93
2025-05-04 06:15,5387.333,5439.814,0.008,0.014,0,138,94
2025-05-04 06:30,5387.380,5439.814,0.008,0.014,0,18,91
2025-05-04 06:45,5387.408,5439.814,0.008,0.014,0,36,91
2025-05-04 07:00,5387.438,5439.814,0.008,0.014,0,142,88
2025-05-04 07:15,5387.495,5439.814,0.008,0.014,0,142,86
2025-05-04 07:30,5387.530,5439.814,0.008,0.014,0,18,95
2025-05-04 07:45,5387.558,5439.814,0.008,0.014,0,135,160
2025-05-04 08:00,5387.607,5439.814,0.008,0.014,279,144,155
2025-05-04 08:15,5387.724,5439.814,0.008,0.014,1239,19,221
2025-05-04 08:30,5387.880,5439.814,0.008,0.014,2225,18,178
2025-05-04 08:45,5388.172,5439.814,0.008,0.014,4507,140,183
2025-05-04 09:00,5388.959,5439.814,0.008,0.014,2246,145,188
2025-05-04 09:15,5389.545,5439.814,0.008,0.014,642,23,193
2025-05-04 09:30,5389.716,5439.814,0.008,0.014,890,23,198
2025-05-04 09:45,5389.874,5439.814,0.008,0.014,766,140,171
2025-05-04 10:00,5390.034,5439.814,0.008,0.014,111,135,163
2025-05-04 10:15,5390.107,5439.814,0.008,0.014,98,19,178
2025-05-04 10:30,5390.174,5439.814,0.008,0.014,82,19,170
2025-05-04 10:45,5390.244,5439.814,0.008,0.014,127,19,163
2025-05-04 11:00,5390.308,5439.814,0.008,0.014,207,134,158
2025-05-04 11:15,5390.405,5439.814,0.008,0.014,0,137,157
2025-05-04 11:30,5390.477,5439.814,0.008,0.014,0,76,166
2025-05-04 11:45,5390.527,5439.814,0.008,0.014,0,18,163
2025-05-04 12:00,5390.570,5439.814,0.008,0.014,1757,137,154
2025-05-04 12:15,5390.886,5439.814,0.008,0.014,1752,141,157
2025-05-04 12:30,5391.328,5439.814,0.008,0.014,1322,18,165
2025-05-04 12:45,5391.663,5439.814,0.008,0.014,1736,123,149
2025-05-04 13:00,5392.102,5439.814,0.008,0.014,1337,139,155
2025-05-04 13:15,5392.506,5439.814,0.008,0.014,1007,34,158
2025-05-04 13:30,5392.712,5439.814,0.008,0.014,38,18,689
2025-05-04 13:45,5392.850,5439.814,0.008,0.014,0,135,537
2025-05-04 14:00,5393.016,5439.814,0.008,0.014,0,136,520
2025-05-04 14:15,5393.144,5439.814,0.008,0.014,8,18,413
2025-05-04 14:30,5393.241,5439.814,0.008,0.014,840,139,502
2025-05-04 14:45,5393.456,5439.814,0.008,0.014,0,144,470
2025-05-04 15:00,5393.592,5439.814,0.008,0.014,0,19,428
2025-05-04 15:15,5393.697,5439.814,0.008,0.014,0,192,471
2025-05-04 15:30,5393.808,5439.814,0.008,0.014,0,139,368
2025-05-04 15:45,5393.938,5439.814,0.008,0.014,0,36,394
2025-05-04 16:00,5394.029,5439.814,0.008,0.014,0,67,346
2025-05-04 16:15,5394.118,5439.814,0.008,0.014,904,140,360
2025-05-04 16:30,5394.325,5439.814,0.008,0.014,0,140,361
2025-05-04 16:45,5394.428,5439.814,0.008,0.014,0,19,353
2025-05-04 17:00,5394.511,5439.814,0.008,0.014,0,19,372
2025-05-04 17:15,5394.600,5439.814,0.008,0.014,0,57,369
2025-05-04 17:30,5394.680,5439.814,0.008,0.014,0,139,283
2025-05-04 17:45,5394.792,5439.814,0.008,0.014,0,140,290
2025-05-04 18:00,5394.888,5439.814,0.008,0.014,0,19,281
2025-05-04 18:15,5394.966,5439.814,0.008,0.014,0,73,286
2025-05-04 18:30,5395.044,5439.814,0.008,0.014,0,138,278
2025-05-04 18:45,5395.148,5439.814,0.008,0.014,0,118,282
2025-05-04 19:00,5395.215,5439.814,0.008,0.014,0,18,81
2025-05-04 19:15,5395.241,5439.814,0.008,0.014,1334,290,143
2025-05-04 19:30,5395.485,5439.814,0.008,0.014,501,313,127
2025-05-04 19:45,5395.619,5439.814,0.008,0.014,5,23,129
2025-05-04 20:00,5395.655,5439.814,0.008,0.014,0,90,133
2025-05-04 20:15,5395.701,5439.814,0.008,0.014,0,146,127
2025-05-04 20:30,5395.766,5439.814,0.008,0.014,0,152,126
2025-05-04 20:45,5395.830,5439.814,0.008,0.014,0,34,267
2025-05-04 21:00,5395.898,5439.814,0.008,0.014,1483,147,125
2025-05-04 21:15,5396.153,5439.814,0.008,0.014,1847,234,125
2025-05-04 21:30,5396.454,5439.814,0.008,0.014,6,185,129
2025-05-04 21:45,5396.522,5439.814,0.008,0.014,4,102,85
2025-05-04 22:00,5396.553,5439.814,0.008,0.014,0,147,69
2025-05-04 22:15,5396.605,5439.814,0.008,0.014,0,143,67
2025-05-04 22:30,5396.645,5439.814,0.008,0.014,0,18,74
2025-05-04 22:45,5396.668,5439.814,0.008,0.014,0,246,74
2025-05-04 23:00,5396.705,5439.814,0.008,0.014,0,140,65
2025-05-04 23:15,5396.757,5439.814,0.008,0.014,0,69,66
2025-05-04 23:30,5396.781,5439.814,0.008,0.014,0,17,65
2025-05-04 23:45,5396.802,5439.814,0.008,0.014,0,17,65
2025-05-05 00:00,5396.822,5439.814,0.008,0.014,0,131,68
2025-05-05 00:15,5396.863,5439.814,0.008,0.014,0,139,70
2025-05-05 00:30,5396.913,5439.814,0.008,0.014,0,136,67
2025-05-05 00:45,5396.949,5439.814,0.008,0.014,0,17,66
2025-05-05 01:00,5396.969,5439.814,0.008,0.014,0,137,67
2025-05-05 01:15,5397.013,5439.814,0.008,0.014,0,142,65
2025-05-05 01:30,5397.057,5439.814,0.008,0.014,0,17,66
2025-05-05 01:45,5397.079,5439.814,0.008,0.014,0,124,67
2025-05-05 02:00,5397.108,5439.814,0.008,0.014,0,144,67
2025-05-05 02:15,5397.160,5439.814,0.008,0.014,0,103,66
2025-05-05 02:30,5397.187,5439.814,0.008,0.014,0,17,64
2025-05-05 02:45,5397.208,5439.814,0.008,0.014,0,138,64
2025-05-05 03:00,5397.254,5439.814,0.008,0.014,0,144,66
2025-05-05 03:15,5397.296,5439.814,0.008,0.014,0,17,64
2025-05-05 03:30,5397.316,5439.814,0.008,0.014,0,145,66
2025-05-05 03:45,5397.349,5439.814,0.008,0.014,0,139,66
2025-05-05 04:00,5397.399,5439.814,0.008,0.014,0,93,65
2025-05-05 04:15,5397.425,5439.814,0.008,0.014,0,17,64
2025-05-05 04:30,5397.445,5439.814,0.008,0.014,0,138,65
2025-05-05 04:45,5397.494,5439.814,0.008,0.014,0,138,65
2025-05-05 05:00,5397.532,5439.814,0.008,0.014,0,17,64
2025-05-05 05:15,5397.553,5439.814,0.008,0.014,0,138,63
2025-05-05 05:30,5397.585,5439.814,0.008,0.014,0,142,64
2025-05-05 05:45,5397.637,5439.814,0.008,0.014,0,68,66
2025-05-05 06:00,5397.660,5439.814,0.008,0.014,0,17,67
2025-05-05 06:15,5397.681,5439.814,0.008,0.014,0,17,66
2025-05-05 06:30,5397.702,5439.814,0.008,0.014,0,139,68
2025-05-05 06:45,5397.735,5439.814,0.008,0.014,0,135,67
2025-05-05 07:00,5397.784,5439.814,0.008,0.014,0,141,66
2025-05-05 07:15,5397.784,5439.857,0.008,0.014,0,19,67
2025-05-05 07:30,5397.784,5439.877,0.008,0.014,0,138,66
2025-05-05 07:45,5397.784,5439.913,0.008,0.014,0,139,81
2025-05-05 08:00,5397.784,5439.966,0.008,0.014,0,34,85
2025-05-05 08:15,5397.784,5439.993,0.008,0.014,3015,94,78
2025-05-05 08:30,5397.784,5440.578,0.008,0.014,3411,147,78
2025-05-05 08:45,5397.784,5440.995,0.008,0.014,6,140,77
2025-05-05 09:00,5397.784,5441.030,0.008,0.014,7,23,71
2025-05-05 09:15,5397.784,5441.056,0.008,0.014,6,144,70
2025-05-05 09:30,5397.784,5441.103,0.008,0.014,296,142,269
2025-05-05 09:45,5397.784,5441.223,0.008,0.014,10,24,211
2025-05-05 10:00,5397.784,5441.274,0.008,0.014,7,142,232
2025-05-05 10:15,5397.784,5441.351,0.008,0.014,6,143,221
2025-05-05 10:30,5397.784,5441.441,0.008,0.014,6,37,221
2025-05-05 10:45,5397.784,5441.504,0.008,0.014,7,95,179
2025-05-05 11:00,5397.784,5441.560,0.008,0.014,6,143,208
2025-05-05 11:15,5397.784,5441.647,0.008,0.014,1834,140,208
2025-05-05 11:30,5397.784,5441.855,0.008,0.014,135,24,169
2025-05-05 11:45,5397.784,5441.922,0.008,0.014,325,148,198
2025-05-05 12:00,5397.784,5442.028,0.008,0.014,0,144,203
2025-05-05 12:15,5397.784,5442.102,0.008,0.014,1758,28,190
2025-05-05 12:30,5397.784,5442.364,0.008,0.014,882,146,331
2025-05-05 12:45,5397.784,5442.660,0.008,0.014,1123,149,237
2025-05-05 13:00,5397.784,5442.949,0.008,0.014,1033,24,2121
2025-05-05 13:15,5397.784,5443.387,0.008,0.014,758,23,2057
2025-05-05 13:30,5397.784,5443.988,0.008,0.014,691,56,414
2025-05-05 13:45,5397.784,5444.108,0.008,0.014,35,139,189
2025-05-05 14:00,5397.784,5444.191,0.008,0.014,578,139,190
2025-05-05 14:15,5397.784,5444.336,0.008,0.014,630,24,230
2025-05-05 14:30,5397.784,5444.480,0.008,0.014,0,143,2121
2025-05-05 14:45,5397.784,5444.907,0.008,0.014,1345,208,218
2025-05-05 15:00,5397.784,5445.173,0.008,0.014,200,38,174
2025-05-05 15:15,5397.784,5445.267,0.008,0.014,404,285,108
2025-05-05 15:30,5397.784,5445.409,0.008,0.014,189,220,125
2025-05-05 15:45,5397.784,5445.520,0.008,0.014,201,112,130
2025-05-05 16:00,5397.784,5445.597,0.008,0.014,415,201,128
2025-05-05 16:15,5397.784,5445.687,0.008,0.014,215,218,127
2025-05-05 16:30,5397.784,5445.793,0.008,0.014,193,139,127
2025-05-05 16:45,5397.784,5445.877,0.008,0.014,12,375,127
2025-05-05 17:00,5397.784,5445.957,0.008,0.014,190,218,130
2025-05-05 17:15,5397.784,5446.068,0.008,0.014,222,212,131
2025-05-05 17:30,5397.784,5446.155,0.008,0.014,191,96,120
2025-05-05 17:45,5397.784,5446.233,0.008,0.014,202,211,114
2025-05-05 18:00,5397.784,5446.328,0.008,0.014,209,217,111
2025-05-05 18:15,5397.784,5446.423,0.008,0.014,181,96,106
2025-05-05 18:30,5397.784,5446.494,0.008,0.014,205,215,105
2025-05-05 18:45,5397.784,5446.609,0.008,0.014,586,216,102
2025-05-05 19:00,5397.784,5446.800,0.008,0.014,512,141,132
2025-05-05 19:15,5397.784,5446.951,0.008,0.014,7,202,179
2025-05-05 19:30,5397.784,5447.024,0.008,0.014,879,217,166
2025-05-05 19:45,5397.784,5447.190,0.008,0.014,0,160,172
2025-05-05 20:00,5397.784,5447.254,0.008,0.014,397,70,102
2025-05-05 20:15,5397.784,5447.348,0.008,0.014,1379,140,140
2025-05-05 20:30,5397.784,5447.467,0.008,0.014,0,141,129
2025-05-05 20:45,5397.784,5447.535,0.008,0.014,0,142,131
2025-05-05 21:00,5397.784,5447.595,0.008,0.014,0,19,127
2025-05-05 21:15,5397.784,5447.633,0.008,0.014,0,138,126
2025-05-05 21:30,5397.784,5447.681,0.008,0.014,0,141,65
2025-05-05 21:45,5397.784,5447.727,0.008,0.014,0,19,66
2025-05-05 22:00,5397.784,5447.748,0.008,0.014,0,139,68
2025-05-05 22:15,5397.784,5447.790,0.008,0.014,0,137,68
2025-05-05 22:30,5397.784,5447.833,0.008,0.014,0,19,63
2025-05-05 22:45,5397.784,5447.854,0.008,0.014,0,141,62
2025-05-05 23:00,5397.785,5447.891,0.008,0.014,0,141,65
2025-05-05 23:15,5397.831,5447.891,0.008,0.014,0,18,63
2025-05-05 23:30,5397.851,5447.891,0.008,0.014,0,140,64
2025-05-05 23:45,5397.887,5447.891,0.008,0.014,0,140,63
2025-05-06 00:00,5397.936,5447.891,0.008,0.014,0,19,63
2025-05-06 00:15,5397.957,5447.891,0.008,0.014,0,88,62
2025-05-06 00:30,5397.984,5447.891,0.008,0.014,0,139,62
2025-05-06 00:45,5398.035,5447.891,0.008,0.014,0,102,63
2025-05-06 01:00,5398.060,5447.891,0.008,0.014,0,17,65
2025-05-06 01:15,5398.081,5447.891,0.008,0.014,0,141,62
2025-05-06 01:30,5398.128,5447.891,0.008,0.014,0,133,63
2025-05-06 01:45,5398.163,5447.891,0.008,0.014,0,18,63
2025-05-06 02:00,5398.183,5447.891,0.008,0.014,0,137,63
2025-05-06 02:15,5398.222,5447.891,0.008,0.014,0,139,64
2025-05-06 02:30,5398.266,5447.891,0.008,0.014,0,17,62
2025-05-06 02:45,5398.286,5447.891,0.008,0.014,0,17,62
2025-05-06 03:00,5398.305,5447.891,0.008,0.014,0,17,65
2025-05-06 03:15,5398.326,5447.891,0.008,0.014,0,139,64
2025-05-06 03:30,5398.366,5447.891,0.008,0.014,0,137,64
2025-05-06 03:45,5398.417,5447.891,0.008,0.014,0,99,64
2025-05-06 04:00,5398.444,5447.891,0.008,0.014,0,17,63
2025-05-06 04:15,5398.464,5447.891,0.008,0.014,0,135,64
2025-05-06 04:30,5398.512,5447.891,0.008,0.014,0,135,62
2025-05-06 04:45,5398.546,5447.891,0.008,0.014,0,17,63
2025-05-06 05:00,5398.565,5447.891,0.008,0.014,0,133,62
2025-05-06 05:15,5398.604,5447.891,0.008,0.014,0,137,62
2025-05-06 05:30,5398.646,5447.891,0.008,0.014,0,17,62
2025-05-06 05:45,5398.667,5447.891,0.008,0.014,0,89,63
2025-05-06 06:00,5398.693,5447.891,0.008,0.014,0,139,68
2025-05-06 06:15,5398.744,5447.891,0.008,0.014,0,101,74
2025-05-06 06:30,5398.772,5447.891,0.008,0.014,0,49,75
2025-05-06 06:45,5398.797,5447.891,0.008,0.014,0,137,75
2025-05-06 07:00,5398.847,5447.892,0.008,0.014,0,137,64
2025-05-06 07:15,5398.847,5447.927,0.008,0.014,0,19,65
2025-05-06 07:30,5398.847,5447.947,0.008,0.014,0,134,64
2025-05-06 07:45,5398.847,5447.987,0.008,0.014,0,141,65
2025-05-06 08:00,5398.847,5448.034,0.008,0.014,0,19,64
2025-05-06 08:15,5398.847,5448.056,0.008,0.014,0,36,65
2025-05-06 08:30,5398.847,5448.079,0.008,0.014,0,140,64
2025-05-06 08:45,5398.847,5448.131,0.008,0.014,0,136,63
2025-05-06 09:00,5398.847,5448.161,0.008,0.014,0,18,64
2025-05-06 09:15,5398.847,5448.182,0.008,0.014,0,18,63
2025-05-06 09:30,5398.847,5448.202,0.008,0.014,0,18,64
2025-05-06 09:45,5398.847,5448.225,0.008,0.014,0,142,63
2025-05-06 10:00,5398.847,5448.274,0.008,0.014,0,141,64
2025-05-06 10:15,5398.847,5448.325,0.008,0.014,0,19,64
2025-05-06 10:30,5398.847,5448.345,0.008,0.014,0,34,64
2025-05-06 10:45,5398.847,5448.369,0.008,0.014,0,139,63
2025-05-06 11:00,5398.847,5448.417,0.008,0.014,0,138,63
2025-05-06 11:15,5398.847,5448.452,0.008,0.014,0,19,64
2025-05-06 11:30,5398.847,5448.472,0.008,0.014,0,135,63
2025-05-06 11:45,5398.847,5448.510,0.008,0.014,0,138,63
2025-05-06 12:00,5398.847,5448.555,0.008,0.014,0,18,64
2025-05-06 12:15,5398.847,5448.576,0.008,0.014,0,37,64
2025-05-06 12:30,5398.847,5448.599,0.008,0.014,0,137,64
2025-05-06 12:45,5398.847,5448.650,0.008,0.014,0,142,67
2025-05-06 13:00,5398.847,5448.680,0.008,0.014,0,19,64
2025-05-06 13:15,5398.847,5448.701,0.008,0.014,0,132,64
2025-05-06 13:30,5398.847,5448.738,0.008,0.014,0,136,63
2025-05-06 13:45,5398.847,5448.785,0.008,0.014,0,19,63
2025-05-06 14:00,5398.847,5448.805,0.008,0.014,0,19,63
2025-05-06 14:15,5398.847,5448.826,0.008,0.014,0,137,64
2025-05-06 14:30,5398.847,5448.875,0.008,0.014,0,134,63
2025-05-06 14:45,5398.847,5448.909,0.008,0.014,0,18,64
2025-05-06 15:00,5398.847,5448.930,0.008,0.014,0,139,65
2025-05-06 15:15,5398.847,5448.963,0.008,0.014,0,137,64
2025-05-06 15:30,5398.847,5449.012,0.008,0.014,0,47,63
2025-05-06 15:45,5398.847,5449.035,0.008,0.014,0,19,66
2025-05-06 16:00,5398.847,5449.055,0.008,0.014,0,19,64
2025-05-06 16:15,5398.847,5449.077,0.008,0.014,0,18,64
2025-05-06 16:30,5398.847,5449.097,0.008,0.014,0,131,64
2025-05-06 16:45,5398.847,5449.147,0.008,0.014,0,137,66
2025-05-06 17:00,5398.847,5449.196,0.008,0.014,0,33,65
2025-05-06 17:15,5398.847,5449.219,0.008,0.014,0,19,64
2025-05-06 17:30,5398.847,5449.239,0.008,0.014,0,141,64
2025-05-06 17:45,5398.847,5449.287,0.008,0.014,0,134,67
2025-05-06 18:00,5398.847,5449.322,0.008,0.014,708,28,71
2025-05-06 18:15,5398.847,5449.417,0.008,0.014,2131,397,76
2025-05-06 18:30,5398.847,5449.856,0.008,0.014,581,390,81
2025-05-06 18:45,5398.847,5450.035,0.008,0.014,6,100,142
2025-05-06 19:00,5398.847,5450.094,0.008,0.014,6,219,125
2025-05-06 19:15,5398.847,5450.176,0.008,0.014,0,224,113
2025-05-06 19:30,5398.847,5450.253,0.008,0.014,771,104,114
2025-05-06 19:45,5398.847,5450.381,0.008,0.014,0,188,119
2025-05-06 20:00,5398.847,5450.446,0.008,0.014,0,143,88
2025-05-06 20:15,5398.847,5450.500,0.008,0.014,1386,23,145
2025-05-06 20:30,5398.847,5450.642,0.008,0.014,0,136,159
2025-05-06 20:45,5398.847,5450.700,0.008,0.014,0,139,159
2025-05-06 21:00,5398.847,5450.772,0.008,0.014,0,78,158
2025-05-06 21:15,5398.847,5450.822,0.008,0.014,0,89,167
2025-05-06 21:30,5398.847,5450.868,0.008,0.014,0,139,90
2025-05-06 21:45,5398.847,5450.924,0.008,0.014,0,120,73
2025-05-06 22:00,5398.847,5450.953,0.008,0.014,0,53,70
2025-05-06 22:15,5398.847,5450.979,0.008,0.014,0,142,63
2025-05-06 22:30,5398.847,5451.028,0.008,0.014,0,133,62
2025-05-06 22:45,5398.847,5451.060,0.008,0.014,0,19,62
2025-05-06 23:00,5398.847,5451.079,0.008,0.014,0,18,63
2025-05-06 23:15,5398.868,5451.079,0.008,0.014,0,134,62
2025-05-06 23:30,5398.906,5451.079,0.008,0.014,0,143,62
2025-05-06 23:45,5398.957,5451.079,0.008,0.014,0,136,62
2025-05-07 00:00,5398.987,5451.079,0.008,0.014,0,18,63
2025-05-07 00:15,5399.008,5451.079,0.008,0.014,0,139,62
2025-05-07 00:30,5399.056,5451.079,0.008,0.014,0,139,62
2025-05-07 00:45,5399.089,5451.079,0.008,0.014,0,19,62
2025-05-07 01:00,5399.109,5451.079,0.008,0.014,0,141,62
2025-05-07 01:15,5399.155,5451.079,0.008,0.014,0,137,63
2025-05-07 01:30,5399.192,5451.079,0.008,0.014,0,19,62
2025-05-07 01:45,5399.213,5451.079,0.008,0.014,0,136,62
2025-05-07 02:00,5399.251,5451.079,0.008,0.014,0,137,62
2025-05-07 02:15,5399.295,5451.079,0.008,0.014,0,19,62
2025-05-07 02:30,5399.315,5451.079,0.008,0.014,0,124,62
2025-05-07 02:45,5399.347,5451.079,0.008,0.014,0,137,62
2025-05-07 03:00,5399.395,5451.079,0.008,0.014,0,48,63
2025-05-07 03:15,5399.418,5451.079,0.008,0.014,0,19,62
2025-05-07 03:30,5399.438,5451.079,0.008,0.014,0,137,63
2025-05-07 03:45,5399.489,5451.079,0.008,0.014,0,142,62
2025-05-07 04:00,5399.520,5451.079,0.008,0.014,0,19,62
2025-05-07 04:15,5399.541,5451.079,0.008,0.014,0,134,63
2025-05-07 04:30,5399.580,5451.079,0.008,0.014,0,138,62
2025-05-07 04:45,5399.623,5451.079,0.008,0.014,0,19,63
2025-05-07 05:00,5399.643,5451.079,0.008,0.014,0,83,62
2025-05-07 05:15,5399.671,5451.079,0.008,0.014,0,140,63
2025-05-07 05:30,5399.720,5451.079,0.008,0.014,0,105,63
2025-05-07 05:45,5399.747,5451.079,0.008,0.014,0,19,63
2025-05-07 06:00,5399.767,5451.079,0.008,0.014,0,19,64
2025-05-07 06:15,5399.788,5451.079,0.008,0.014,0,19,64
2025-05-07 06:30,5399.808,5451.079,0.008,0.014,0,137,63
2025-05-07 06:45,5399.859,5451.079,0.008,0.014,0,135,64
2025-05-07 07:00,5399.906,5451.080,0.008,0.014,0,105,77
2025-05-07 07:15,5399.906,5451.110,0.008,0.014,0,18,74
2025-05-07 07:30,5399.906,5451.133,0.008,0.014,573,147,74
2025-05-07 07:45,5399.906,5451.239,0.008,0.014,1359,148,69
2025-05-07 08:00,5399.906,5451.385,0.008,0.014,0,27,73
2025-05-07 08:15,5399.906,5451.410,0.008,0.014,0,142,72
2025-05-07 08:30,5399.906,5451.454,0.008,0.014,0,141,64
2025-05-07 08:45,5399.906,5451.504,0.008,0.014,0,19,64
2025-05-07 09:00,5399.906,5451.525,0.008,0.014,0,51,64
2025-05-07 09:15,5399.906,5451.550,0.008,0.014,0,143,64
2025-05-07 09:30,5399.906,5451.600,0.008,0.014,0,140,64
2025-05-07 09:45,5399.906,5451.632,0.008,0.014,0,19,64
2025-05-07 10:00,5399.906,5451.653,0.008,0.014,0,136,65
2025-05-07 10:15,5399.906,5451.693,0.008,0.014,0,139,65
2025-05-07 10:30,5399.906,5451.737,0.008,0.014,0,18,65
2025-05-07 10:45,5399.906,5451.758,0.008,0.014,0,54,67
2025-05-07 11:00,5399.906,5451.782,0.008,0.014,0,141,64
2025-05-07 11:15,5399.906,5451.833,0.008,0.014,0,137,66
2025-05-07 11:30,5399.906,5451.863,0.008,0.014,0,19,827
2025-05-07 11:45,5399.906,5451.965,0.008,0.014,0,131,1982
2025-05-07 12:00,5399.906,5452.368,0.008,0.014,0,136,1522
2025-05-07 12:15,5399.906,5452.543,0.008,0.014,0,18,136
2025-05-07 12:30,5399.906,5452.580,0.008,0.014,0,18,137
2025-05-07 12:45,5399.906,5452.620,0.008,0.014,0,19,140
2025-05-07 13:00,5399.906,5452.656,0.008,0.014,0,81,1980
2025-05-07 13:15,5399.906,5452.996,0.008,0.014,0,131,663
2025-05-07 13:30,5399.906,5453.094,0.008,0.014,0,140,64
2025-05-07 13:45,5399.906,5453.144,0.008,0.014,0,53,64
2025-05-07 14:00,5399.906,5453.166,0.008,0.014,0,19,64
2025-05-07 14:15,5399.906,5453.188,0.008,0.014,0,135,64
2025-05-07 14:30,5399.906,5453.235,0.008,0.014,0,138,73
2025-05-07 14:45,5399.906,5453.270,0.008,0.014,0,19,66
2025-05-07 15:00,5399.906,5453.290,0.008,0.014,0,139,64
2025-05-07 15:15,5399.906,5453.327,0.008,0.014,0,138,63
2025-05-07 15:30,5399.906,5453.372,0.008,0.014,0,19,62
2025-05-07 15:45,5399.906,5453.393,0.008,0.014,0,19,63
2025-05-07 16:00,5399.906,5453.415,0.008,0.014,0,141,62
2025-05-07 16:15,5399.906,5453.466,0.008,0.014,0,135,63
2025-05-07 16:30,5399.906,5453.496,0.008,0.014,0,19,65
2025-05-07 16:45,5399.906,5453.517,0.008,0.014,0,230,66
2025-05-07 17:00,5399.906,5453.552,0.008,0.014,0,138,63
2025-05-07 17:15,5399.906,5453.600,0.008,0.014,0,18,63
2025-05-07 17:30,5399.906,5453.620,0.008,0.014,0,49,63
2025-05-07 17:45,5399.906,5453.645,0.008,0.014,0,139,63
2025-05-07 18:00,5399.906,5453.694,0.008,0.014,0,119,63
2025-05-07 18:15,5399.906,5453.724,0.008,0.014,0,18,63
2025-05-07 18:30,5399.906,5453.744,0.008,0.014,0,131,63
2025-05-07 18:45,5399.906,5453.783,0.008,0.014,1622,137,67
2025-05-07 19:00,5399.906,5453.968,0.008,0.014,1736,301,154
2025-05-07 19:15,5399.906,5454.285,0.008,0.014,454,262,259
2025-05-07 19:30,5399.906,5454.497,0.008,0.014,10,260,130
2025-05-07 19:45,5399.906,5454.581,0.008,0.014,0,218,131
2025-05-07 20:00,5399.906,5454.651,0.008,0.014,0,225,128
2025-05-07 20:15,5399.906,5454.729,0.008,0.014,484,140,136
2025-05-07 20:30,5399.906,5454.857,0.008,0.014,0,23,159
2025-05-07 20:45,5399.906,5454.900,0.008,0.014,782,138,161
2025-05-07 21:00,5399.906,5455.061,0.008,0.014,0,139,138
2025-05-07 21:15,5399.906,5455.125,0.008,0.014,0,19,144
2025-05-07 21:30,5399.906,5455.164,0.008,0.014,0,127,131
2025-05-07 21:45,5399.906,5455.213,0.008,0.014,0,149,121
2025-05-07 22:00,5399.906,5455.269,0.008,0.014,0,49,72
2025-05-07 22:15,5399.906,5455.294,0.008,0.014,0,19,71
2025-05-07 22:30,5399.906,5455.316,0.008,0.014,0,142,71
2025-05-07 22:45,5399.906,5455.370,0.008,0.014,0,137,70
2025-05-07 23:00,5399.906,5455.402,0.008,0.014,0,19,65
2025-05-07 23:15,5399.927,5455.402,0.008,0.014,0,134,63
2025-05-07 23:30,5399.964,5455.402,0.008,0.014,0,136,63
2025-05-07 23:45,5400.012,5455.402,0.008,0.014,0,18,63
2025-05-08 00:00,5400.033,5455.402,0.008,0.014,0,37,63
2025-05-08 00:15,5400.055,5455.402,0.008,0.014,0,142,64
2025-05-08 00:30,5400.105,5455.402,0.008,0.014,0,133,63
2025-05-08 00:45,5400.138,5455.402,0.008,0.014,0,19,66
2025-05-08 01:00,5400.158,5455.402,0.008,0.014,0,135,63
2025-05-08 01:15,5400.195,5455.402,0.008,0.014,0,145,63
2025-05-08 01:30,5400.242,5455.402,0.008,0.014,0,19,63
2025-05-08 01:45,5400.263,5455.402,0.008,0.014,0,19,63
2025-05-08 02:00,5400.283,5455.402,0.008,0.014,0,19,62
2025-05-08 02:15,5400.304,5455.402,0.008,0.014,0,94,63
2025-05-08 02:30,5400.331,5455.402,0.008,0.014,0,137,63
2025-05-08 02:45,5400.381,5455.402,0.008,0.014,0,137,63
2025-05-08 03:00,5400.426,5455.402,0.008,0.014,0,19,63
2025-05-08 03:15,5400.447,5455.402,0.008,0.014,0,91,63
2025-05-08 03:30,5400.474,5455.402,0.008,0.014,0,142,62
2025-05-08 03:45,5400.524,5455.402,0.008,0.014,0,83,64
2025-05-08 04:00,5400.549,5455.402,0.008,0.014,0,19,63
2025-05-08 04:15,5400.570,5455.402,0.008,0.014,0,137,63
2025-05-08 04:30,5400.615,5455.402,0.008,0.014,0,139,62
2025-05-08 04:45,5400.653,5455.402,0.008,0.014,0,19,65
2025-05-08 05:00,5400.673,5455.402,0.008,0.014,0,140,62
2025-05-08 05:15,5400.706,5455.402,0.008,0.014,0,136,62
2025-05-08 05:30,5400.755,5455.402,0.008,0.014,0,34,63
2025-05-08 05:45,5400.777,5455.402,0.008,0.014,0,19,63
2025-05-08 06:00,5400.797,5455.402,0.008,0.014,0,134,64
2025-05-08 06:15,5400.844,5455.402,0.008,0.014,0,139,65
2025-05-08 06:30,5400.880,5455.402,0.008,0.014,0,19,65
2025-05-08 06:45,5400.902,5455.402,0.008,0.014,0,138,66
2025-05-08 07:00,5400.934,5455.403,0.008,0.014,0,138,66
2025-05-08 07:15,5400.934,5455.454,0.008,0.014,0,19,151
2025-05-08 07:30,5400.934,5455.492,0.008,0.014,334,19,143
2025-05-08 07:45,5400.934,5455.569,0.008,0.014,706,143,162
2025-05-08 08:00,5400.934,5455.694,0.008,0.014,1367,147,155
2025-05-08 08:15,5400.934,5455.951,0.008,0.014,0,23,133
2025-05-08 08:30,5400.934,5455.988,0.008,0.014,0,23,122
2025-05-08 08:45,5400.934,5456.023,0.008,0.014,0,41,126
2025-05-08 09:00,5400.934,5456.060,0.008,0.014,0,141,126
2025-05-08 09:15,5400.934,5456.126,0.008,0.014,0,145,121
2025-05-08 09:30,5400.934,5456.185,0.008,0.014,0,19,117
2025-05-08 09:45,5400.934,5456.219,0.008,0.014,0,108,117
2025-05-08 10:00,5400.934,5456.260,0.008,0.014,0,137,115
2025-05-08 10:15,5400.934,5456.325,0.008,0.014,0,69,103
2025-05-08 10:30,5400.934,5456.358,0.008,0.014,0,19,111
2025-05-08 10:45,5400.934,5456.389,0.008,0.014,0,143,106
2025-05-08 11:00,5400.934,5456.446,0.008,0.014,0,135,103
2025-05-08 11:15,5400.934,5456.492,0.008,0.014,0,19,117
2025-05-08 11:30,5400.934,5456.524,0.008,0.014,809,137,121
2025-05-08 11:45,5400.934,5456.690,0.008,0.014,2343,141,102
2025-05-08 12:00,5400.934,5457.163,0.008,0.014,37,34,101
2025-05-08 12:15,5400.934,5457.203,0.008,0.014,11,19,101
2025-05-08 12:30,5400.934,5457.233,0.008,0.014,0,142,99
2025-05-08 12:45,5400.934,5457.291,0.008,0.014,370,186,234
2025-05-08 13:00,5400.934,5457.407,0.008,0.014,1489,131,97
2025-05-08 13:15,5400.934,5457.771,0.008,0.014,741,18,98
2025-05-08 13:30,5400.934,5457.916,0.008,0.014,40,137,104
2025-05-08 13:45,5400.934,5457.975,0.008,0.014,6,141,105
2025-05-08 14:00,5400.934,5458.029,0.008,0.014,0,18,102
2025-05-08 14:15,5400.934,5458.059,0.008,0.014,0,153,105
2025-05-08 14:30,5400.934,5458.095,0.008,0.014,0,141,103
2025-05-08 14:45,5400.934,5458.156,0.008,0.014,0,136,105
2025-05-08 15:00,5400.934,5458.199,0.008,0.014,0,18,115
2025-05-08 15:15,5400.934,5458.231,0.008,0.014,0,18,107
2025-05-08 15:30,5400.934,5458.261,0.008,0.014,0,17,108
2025-05-08 15:45,5400.934,5458.293,0.008,0.014,0,134,106
2025-05-08 16:00,5400.934,5458.349,0.008,0.014,0,137,108
2025-05-08 16:15,5400.934,5458.411,0.008,0.014,0,132,107
2025-05-08 16:30,5400.934,5458.454,0.008,0.014,0,17,109
2025-05-08 16:45,5400.934,5458.485,0.008,0.014,588,137,117
2025-05-08 17:00,5400.934,5458.584,0.008,0.014,511,140,125
2025-05-08 17:15,5400.934,5458.737,0.008,0.014,2649,22,129
2025-05-08 17:30,5400.934,5459.058,0.008,0.014,677,63,116
2025-05-08 17:45,5400.934,5459.216,0.008,0.014,579,137,115
2025-05-08 18:00,5400.934,5459.410,0.008,0.014,610,135,108
2025-05-08 18:15,5400.934,5459.595,0.008,0.014,550,18,112
2025-05-08 18:30,5400.934,5459.728,0.008,0.014,687,139,110
2025-05-08 18:45,5400.934,5459.854,0.008,0.014,454,141,114
2025-05-08 19:00,5400.934,5459.944,0.008,0.014,2556,283,105
2025-05-08 19:15,5400.934,5460.523,0.008,0.014,2167,248,123
2025-05-08 19:30,5400.934,5460.901,0.008,0.014,40,221,155
2025-05-08 19:45,5400.934,5460.999,0.008,0.014,6,151,153
2025-05-08 20:00,5400.934,5461.067,0.008,0.014,7,23,120
2025-05-08 20:15,5400.934,5461.102,0.008,0.014,642,136,101
2025-05-08 20:30,5400.934,5461.206,0.008,0.014,0,148,116
2025-05-08 20:45,5400.934,5461.272,0.008,0.014,0,143,122
2025-05-08 21:00,5400.934,5461.316,0.008,0.014,0,23,125
2025-05-08 21:15,5400.934,5461.352,0.008,0.014,0,142,121
2025-05-08 21:30,5400.934,5461.404,0.008,0.014,1208,144,117
2025-05-08 21:45,5400.934,5461.585,0.008,0.014,0,104,79
2025-05-08 22:00,5400.934,5461.615,0.008,0.014,0,19,81
2025-05-08 22:15,5400.934,5461.639,0.008,0.014,0,19,64
2025-05-08 22:30,5400.934,5461.660,0.008,0.014,0,146,72
2025-05-08 22:45,5400.934,5461.695,0.008,0.014,0,139,72
2025-05-08 23:00,5400.935,5461.746,0.008,0.014,0,143,72
2025-05-08 23:15,5400.990,5461.746,0.008,0.014,0,72,72
2025-05-08 23:30,5401.016,5461.746,0.008,0.014,0,19,72
2025-05-08 23:45,5401.039,5461.746,0.008,0.014,0,143,72
2025-05-09 00:00,5401.091,5461.746,0.008,0.014,0,150,68
2025-05-09 00:15,5401.141,5461.746,0.008,0.014,0,19,65
2025-05-09 00:30,5401.162,5461.746,0.008,0.014,0,34,65
2025-05-09 00:45,5401.186,5461.746,0.008,0.014,0,149,63
2025-05-09 01:00,5401.236,5461.746,0.008,0.014,0,144,64
2025-05-09 01:15,5401.282,5461.746,0.008,0.014,0,19,64
2025-05-09 01:30,5401.302,5461.746,0.008,0.014,0,51,63
2025-05-09 01:45,5401.328,5461.746,0.008,0.014,0,144,63
2025-05-09 02:00,5401.378,5461.746,0.008,0.014,0,141,63
2025-05-09 02:15,5401.421,5461.746,0.008,0.014,0,19,63
2025-05-09 02:30,5401.441,5461.746,0.008,0.014,0,72,63
2025-05-09 02:45,5401.468,5461.746,0.008,0.014,0,143,63
2025-05-09 03:00,5401.518,5461.746,0.008,0.014,0,141,63
2025-05-09 03:15,5401.561,5461.746,0.008,0.014,0,19,63
2025-05-09 03:30,5401.581,5461.746,0.008,0.014,0,201,63
2025-05-09 03:45,5401.607,5461.746,0.008,0.014,0,142,63
2025-05-09 04:00,5401.657,5461.746,0.008,0.014,0,141,64
2025-05-09 04:15,5401.698,5461.746,0.008,0.014,0,19,63
2025-05-09 04:30,5401.718,5461.746,0.008,0.014,0,19,64
2025-05-09 04:45,5401.739,5461.746,0.008,0.014,0,19,65
2025-05-09 05:00,5401.760,5461.746,0.008,0.014,0,135,63
2025-05-09 05:15,5401.800,5461.746,0.008,0.014,0,143,62
2025-05-09 05:30,5401.850,5461.746,0.008,0.014,0,141,63
2025-05-09 05:45,5401.894,5461.746,0.008,0.014,0,19,64
2025-05-09 06:00,5401.914,5461.746,0.008,0.014,0,67,72
2025-05-09 06:15,5401.942,5461.746,0.008,0.014,0,145,73
2025-05-09 06:30,5401.994,5461.746,0.008,0.014,0,148,74
2025-05-09 06:45,5402.040,5461.746,0.008,0.014,0,19,71
2025-05-09 07:00,5402.061,5461.747,0.008,0.014,0,68,65
2025-05-09 07:15,5402.061,5461.773,0.008,0.014,0,142,66
2025-05-09 07:30,5402.061,5461.824,0.008,0.014,0,140,65
2025-05-09 07:45,5402.061,5461.863,0.008,0.014,0,19,65
2025-05-09 08:00,5402.061,5461.884,0.008,0.014,0,82,66
2025-05-09 08:15,5402.061,5461.912,0.008,0.014,0,146,65
2025-05-09 08:30,5402.061,5461.963,0.008,0.014,0,140,66
2025-05-09 08:45,5402.061,5462.002,0.008,0.014,0,19,65
2025-05-09 09:00,5402.061,5462.022,0.008,0.014,0,82,65
2025-05-09 09:15,5402.061,5462.051,0.008,0.014,0,146,65
2025-05-09 09:30,5402.061,5462.101,0.008,0.014,0,139,123
2025-05-09 09:45,5402.061,5462.144,0.008,0.014,0,19,1482
2025-05-09 10:00,5402.061,5462.344,0.008,0.014,0,247,1998
2025-05-09 10:15,5402.061,5462.762,0.008,0.014,0,142,137
2025-05-09 10:30,5402.061,5462.830,0.008,0.014,0,145,139
2025-05-09 10:45,5402.061,5462.883,0.008,0.014,0,19,141
2025-05-09 11:00,5402.061,5462.922,0.008,0.014,0,19,134
2025-05-09 11:15,5402.061,5462.958,0.008,0.014,0,19,2010
2025-05-09 11:30,5402.061,5463.336,0.008,0.014,0,140,106
2025-05-09 11:45,5402.061,5463.381,0.008,0.014,0,142,65
2025-05-09 12:00,5402.061,5463.431,0.008,0.014,0,139,64
2025-05-09 12:15,5402.061,5463.469,0.008,0.014,0,18,66
2025-05-09 12:30,5402.061,5463.489,0.008,0.014,0,96,66
2025-05-09 12:45,5402.061,5463.519,0.008,0.014,0,141,66
2025-05-09 13:00,5402.061,5463.569,0.008,0.014,0,140,64
2025-05-09 13:15,5402.061,5463.603,0.008,0.014,0,18,63
2025-05-09 13:30,5402.061,5463.623,0.008,0.014,0,139,63
2025-05-09 13:45,5402.061,5463.656,0.008,0.014,0,144,63
2025-05-09 14:00,5402.061,5463.706,0.008,0.014,0,138,65
2025-05-09 14:15,5402.061,5463.736,0.008,0.014,0,18,65
2025-05-09 14:30,5402.061,5463.756,0.008,0.014,0,143,64
2025-05-09 14:45,5402.061,5463.792,0.008,0.014,0,140,64
2025-05-09 15:00,5402.061,5463.842,0.008,0.014,0,107,65
2025-05-09 15:15,5402.061,5463.870,0.008,0.014,0,18,64
2025-05-09 15:30,5402.061,5463.890,0.008,0.014,0,138,64
2025-05-09 15:45,5402.061,5463.927,0.008,0.014,0,143,65
2025-05-09 16:00,5402.061,5463.977,0.008,0.014,0,97,65
2025-05-09 16:15,5402.061,5464.003,0.008,0.014,0,18,65
2025-05-09 16:30,5402.061,5464.024,0.008,0.014,0,139,65
2025-05-09 16:45,5402.061,5464.062,0.008,0.014,0,141,64
2025-05-09 17:00,5402.061,5464.112,0.008,0.014,0,62,64
2025-05-09 17:15,5402.061,5464.136,0.008,0.014,0,18,63
2025-05-09 17:30,5402.061,5464.156,0.008,0.014,0,18,63
2025-05-09 17:45,5402.061,5464.177,0.008,0.014,0,17,63
2025-05-09 18:00,5402.061,5464.197,0.008,0.014,0,139,63
2025-05-09 18:15,5402.061,5464.243,0.008,0.014,0,141,63
2025-05-09 18:30,5402.061,5464.295,0.008,0.014,0,136,67
2025-05-09 18:45,5402.061,5464.332,0.008,0.014,1713,18,185
2025-05-09 19:00,5402.061,5464.578,0.008,0.014,201,401,142
2025-05-09 19:15,5402.061,5464.695,0.008,0.014,0,220,138
2025-05-09 19:30,5402.061,5464.773,0.008,0.014,0,55,133
2025-05-09 19:45,5402.061,5464.809,0.008,0.014,0,144,148
2025-05-09 20:00,5402.061,5464.873,0.008,0.014,0,144,140
2025-05-09 20:15,5402.061,5464.929,0.008,0.014,0,18,65
2025-05-09 20:30,5402.061,5464.950,0.008,0.014,0,83,64
2025-05-09 20:45,5402.061,5464.976,0.008,0.014,0,144,73
2025-05-09 21:00,5402.061,5465.030,0.008,0.014,0,143,77
2025-05-09 21:15,5402.061,5465.067,0.008,0.014,0,27,75
2025-05-09 21:30,5402.061,5465.092,0.008,0.014,893,140,168
2025-05-09 21:45,5402.061,5465.294,0.008,0.014,6,141,166
2025-05-09 22:00,5402.061,5465.370,0.008,0.014,7,19,147
2025-05-09 22:15,5402.061,5465.411,0.008,0.014,0,52,148
2025-05-09 22:30,5402.061,5465.457,0.008,0.014,0,143,151
2025-05-09 22:45,5402.061,5465.528,0.008,0.014,0,139,147
2025-05-09 23:00,5402.061,5465.578,0.008,0.014,0,19,67
2025-05-09 23:15,5402.082,5465.578,0.008,0.014,0,141,67
2025-05-09 23:30,5402.124,5465.578,0.008,0.014,0,141,67
2025-05-09 23:45,5402.175,5465.578,0.008,0.014,0,35,66
2025-05-10 00:00,5402.196,5465.578,0.008,0.014,0,19,65
2025-05-10 00:15,5402.217,5465.578,0.008,0.014,0,19,65
2025-05-10 00:30,5402.238,5465.578,0.008,0.014,0,135,65
2025-05-10 00:45,5402.275,5465.578,0.008,0.014,0,143,63
2025-05-10 01:00,5402.327,5465.578,0.008,0.014,0,135,63
2025-05-10 01:15,5402.363,5465.578,0.008,0.014,0,19,62
2025-05-10 01:30,5402.384,5465.578,0.008,0.014,0,145,63
2025-05-10 01:45,5402.425,5465.578,0.008,0.014,0,140,63
2025-05-10 02:00,5402.471,5465.578,0.008,0.014,0,19,63
2025-05-10 02:15,5402.491,5465.578,0.008,0.014,0,143,63
2025-05-10 02:30,5402.523,5465.578,0.008,0.014,0,142,62
2025-05-10 02:45,5402.573,5465.578,0.008,0.014,0,62,63
2025-05-10 03:00,5402.598,5465.578,0.008,0.014,0,19,63
2025-05-10 03:15,5402.618,5465.578,0.008,0.014,0,146,63
2025-05-10 03:30,5402.670,5465.578,0.008,0.014,0,143,63
2025-05-10 03:45,5402.704,5465.578,0.008,0.014,0,19,63
2025-05-10 04:00,5402.725,5465.578,0.008,0.014,0,138,63
2025-05-10 04:15,5402.763,5465.578,0.008,0.014,0,143,62
2025-05-10 04:30,5402.811,5465.578,0.008,0.014,0,19,63
2025-05-10 04:45,5402.831,5465.578,0.008,0.014,0,52,63
2025-05-10 05:00,5402.857,5465.578,0.008,0.014,0,139,64
2025-05-10 05:15,5402.907,5465.578,0.008,0.014,0,136,62
2025-05-10 05:30,5402.939,5465.578,0.008,0.014,0,19,63
2025-05-10 05:45,5402.959,5465.578,0.008,0.014,0,141,64
2025-05-10 06:00,5403.001,5465.578,0.008,0.014,0,141,73
2025-05-10 06:15,5403.049,5465.578,0.008,0.014,0,19,74
2025-05-10 06:30,5403.072,5465.578,0.008,0.014,0,18,76
2025-05-10 06:45,5403.095,5465.578,0.008,0.014,0,18,82
2025-05-10 07:00,5403.120,5465.578,0.008,0.014,0,77,83
2025-05-10 07:15,5403.150,5465.578,0.008,0.014,0,135,76
2025-05-10 07:30,5403.203,5465.578,0.008,0.014,2280,136,76
2025-05-10 07:45,5403.421,5465.578,0.008,0.014,510,88,75
2025-05-10 08:00,5403.536,5465.578,0.008,0.014,586,23,74
2025-05-10 08:15,5403.666,5465.578,0.008,0.014,6,138,65
2025-05-10 08:30,5403.717,5465.578,0.008,0.014,6,140,68
2025-05-10 08:45,5403.769,5465.578,0.008,0.014,0,139,65
2025-05-10 09:00,5403.804,5465.578,0.008,0.014,0,41,134
2025-05-10 09:15,5403.835,5465.578,0.008,0.014,0,140,125
2025-05-10 09:30,5403.898,5465.578,0.008,0.014,0,136,129
2025-05-10 09:45,5403.941,5465.578,0.008,0.014,0,19,119
2025-05-10 10:00,5403.977,5465.578,0.008,0.014,0,144,124
2025-05-10 10:15,5404.039,5465.578,0.008,0.014,0,136,233
2025-05-10 10:30,5404.090,5465.578,0.008,0.014,2092,18,115
2025-05-10 10:45,5404.275,5465.578,0.008,0.014,33,135,86
2025-05-10 11:00,5404.333,5465.578,0.008,0.014,2105,137,78
2025-05-10 11:15,5404.759,5465.578,0.008,0.014,2107,18,79
2025-05-10 11:30,5405.339,5465.578,0.008,0.014,2133,136,77
2025-05-10 11:45,5405.810,5465.578,0.008,0.014,1043,145,78
2025-05-10 12:00,5405.972,5465.578,0.008,0.014,928,18,81
2025-05-10 12:15,5406.102,5465.578,0.008,0.014,79,122,78
2025-05-10 12:30,5406.160,5465.578,0.008,0.014,75,139,78
2025-05-10 12:45,5406.228,5465.578,0.008,0.014,100,89,76
2025-05-10 13:00,5406.280,5465.578,0.008,0.014,140,18,79
2025-05-10 13:15,5406.328,5465.578,0.008,0.014,269,18,78
2025-05-10 13:30,5406.390,5465.578,0.008,0.014,208,140,88
2025-05-10 13:45,5406.436,5465.578,0.008,0.014,1460,140,99
2025-05-10 14:00,5406.610,5465.578,0.008,0.014,4,140,182
2025-05-10 14:15,5406.678,5465.578,0.008,0.014,0,32,178
2025-05-10 14:30,5406.728,5465.578,0.008,0.014,2120,134,671
2025-05-10 14:45,5407.119,5465.578,0.008,0.014,476,138,512
2025-05-10 15:00,5407.299,5465.578,0.008,0.014,1688,18,546
2025-05-10 15:15,5407.591,5465.578,0.008,0.014,374,136,733
2025-05-10 15:30,5407.801,5465.578,0.008,0.014,655,141,335
2025-05-10 15:45,5408.052,5465.578,0.008,0.014,679,18,291
2025-05-10 16:00,5408.289,5465.578,0.008,0.014,708,138,376
2025-05-10 16:15,5408.541,5465.578,0.008,0.014,343,142,334
2025-05-10 16:30,5408.660,5465.578,0.008,0.014,7,18,339
2025-05-10 16:45,5408.736,5465.578,0.008,0.014,6,121,258
2025-05-10 17:00,5408.812,5465.578,0.008,0.014,6,138,272
2025-05-10 17:15,5408.908,5465.578,0.008,0.014,6,72,270
2025-05-10 17:30,5408.970,5465.578,0.008,0.014,7,52,139
2025-05-10 17:45,5409.013,5465.578,0.008,0.014,6,146,180
2025-05-10 18:00,5409.089,5465.578,0.008,0.014,1526,140,180
2025-05-10 18:15,5409.378,5465.578,0.008,0.014,837,186,154
2025-05-10 18:30,5409.625,5465.578,0.008,0.014,6,141,162
2025-05-10 18:45,5409.699,5465.578,0.008,0.014,0,145,157
2025-05-10 19:00,5409.762,5465.578,0.008,0.014,0,18,137
2025-05-10 19:15,5409.802,5465.578,0.008,0.014,0,136,135
2025-05-10 19:30,5409.855,5465.578,0.008,0.014,0,143,166
2025-05-10 19:45,5409.932,5465.578,0.008,0.014,1194,138,114
2025-05-10 20:00,5410.086,5465.578,0.008,0.014,0,18,117
2025-05-10 20:15,5410.120,5465.578,0.008,0.014,0,138,89
2025-05-10 20:30,5410.156,5465.578,0.008,0.014,0,143,137
2025-05-10 20:45,5410.228,5465.578,0.008,0.014,0,145,141
2025-05-10 21:00,5410.296,5465.578,0.008,0.014,0,141,141
2025-05-10 21:15,5410.346,5465.578,0.008,0.014,0,126,138
2025-05-10 21:30,5410.393,5465.578,0.008,0.014,0,144,85
2025-05-10 21:45,5410.447,5465.578,0.008,0.014,0,134,63
2025-05-10 22:00,5410.479,5465.578,0.008,0.014,0,64,62
2025-05-10 22:15,5410.505,5465.578,0.008,0.014,0,142,63
2025-05-10 22:30,5410.555,5465.578,0.008,0.014,0,138,62
2025-05-10 22:45,5410.592,5465.578,0.008,0.014,0,19,62
2025-05-10 23:00,5410.612,5465.578,0.008,0.014,0,141,62
2025-05-10 23:15,5410.664,5465.578,0.008,0.014,0,141,62
2025-05-10 23:30,5410.704,5465.578,0.008,0.014,0,19,62
2025-05-10 23:45,5410.725,5465.578,0.008,0.014,0,145,62
2025-05-11 00:00,5410.769,5465.578,0.008,0.014,0,143,62
2025-05-11 00:15,5410.817,5465.578,0.008,0.014,0,19,62
2025-05-11 00:30,5410.837,5465.578,0.008,0.014,0,139,62
2025-05-11 00:45,5410.875,5465.578,0.008,0.014,0,145,64
2025-05-11 01:00,5410.926,5465.578,0.008,0.014,0,49,63
2025-05-11 01:15,5410.948,5465.578,0.008,0.014,0,147,62
2025-05-11 01:30,5410.979,5465.578,0.008,0.014,0,146,63
2025-05-11 01:45,5411.031,5465.578,0.008,0.014,0,109,62
2025-05-11 02:00,5411.057,5465.578,0.008,0.014,0,53,63
2025-05-11 02:15,5411.083,5465.578,0.008,0.014,0,145,62
2025-05-11 02:30,5411.133,5465.578,0.008,0.014,0,139,62
2025-05-11 02:45,5411.167,5465.578,0.008,0.014,0,19,62
2025-05-11 03:00,5411.187,5465.578,0.008,0.014,0,19,62
2025-05-11 03:15,5411.208,5465.578,0.008,0.014,0,141,64
2025-05-11 03:30,5411.248,5465.578,0.008,0.014,0,141,62
2025-05-11 03:45,5411.301,5465.578,0.008,0.014,0,139,62
2025-05-11 04:00,5411.334,5465.578,0.008,0.014,0,19,62
2025-05-11 04:15,5411.357,5465.578,0.008,0.014,0,146,62
2025-05-11 04:30,5411.407,5465.578,0.008,0.014,0,141,62
2025-05-11 04:45,5411.442,5465.578,0.008,0.014,0,19,62
2025-05-11 05:00,5411.462,5465.578,0.008,0.014,0,143,62
2025-05-11 05:15,5411.513,5465.578,0.008,0.014,0,142,62
2025-05-11 05:30,5411.550,5465.578,0.008,0.014,0,19,62
2025-05-11 05:45,5411.571,5465.578,0.008,0.014,0,144,64
2025-05-11 06:00,5411.615,5465.578,0.008,0.014,0,141,64
2025-05-11 06:15,5411.659,5465.578,0.008,0.014,0,19,63
2025-05-11 06:30,5411.679,5465.578,0.008,0.014,0,139,64
2025-05-11 06:45,5411.718,5465.578,0.008,0.014,0,145,64
2025-05-11 07:00,5411.766,5465.578,0.008,0.014,0,19,63
2025-05-11 07:15,5411.787,5465.578,0.008,0.014,0,145,64
2025-05-11 07:30,5411.818,5465.578,0.008,0.014,0,142,63
2025-05-11 07:45,5411.871,5465.578,0.008,0.014,0,85,64
2025-05-11 08:00,5411.895,5465.578,0.008,0.014,1202,34,64
2025-05-11 08:15,5412.036,5465.578,0.008,0.014,0,145,63
2025-05-11 08:30,5412.086,5465.578,0.008,0.014,0,141,72
2025-05-11 08:45,5412.121,5465.578,0.008,0.014,0,19,166
2025-05-11 09:00,5412.161,5465.578,0.008,0.014,0,143,159
2025-05-11 09:15,5412.230,5465.578,0.008,0.014,576,144,160
2025-05-11 09:30,5412.354,5465.578,0.008,0.014,458,20,165
2025-05-11 09:45,5412.445,5465.578,0.008,0.014,912,19,278
2025-05-11 10:00,5412.602,5465.578,0.008,0.014,0,140,252
2025-05-11 10:15,5412.684,5465.578,0.008,0.014,0,137,240
2025-05-11 10:30,5412.776,5465.578,0.008,0.014,0,134,215
2025-05-11 10:45,5412.848,5465.578,0.008,0.014,0,18,156
2025-05-11 11:00,5412.889,5465.578,0.008,0.014,0,135,154
2025-05-11 11:15,5412.950,5465.578,0.008,0.014,0,134,140
2025-05-11 11:30,5413.010,5465.578,0.008,0.014,0,18,98
2025-05-11 11:45,5413.038,5465.578,0.008,0.014,0,140,83
2025-05-11 12:00,5413.088,5465.578,0.008,0.014,4519,143,155
2025-05-11 12:15,5413.996,5465.578,0.008,0.014,1210,22,2060
2025-05-11 12:30,5414.444,5465.578,0.008,0.014,983,148,2086
2025-05-11 12:45,5415.275,5465.578,0.008,0.014,1225,148,1093
2025-05-11 13:00,5415.647,5465.578,0.008,0.014,1974,88,161
2025-05-11 13:15,5416.084,5465.578,0.008,0.014,1704,78,600
2025-05-11 13:30,5416.549,5465.578,0.008,0.014,5479,149,2261
2025-05-11 13:45,5417.971,5465.578,0.008,0.014,3684,145,2274
2025-05-11 14:00,5419.156,5465.578,0.008,0.014,2271,22,979
2025-05-11 14:15,5419.686,5465.578,0.008,0.014,1977,149,316
2025-05-11 14:30,5420.114,5465.578,0.008,0.014,1947,145,245
2025-05-11 14:45,5420.572,5465.578,0.008,0.014,1303,23,244
2025-05-11 15:00,5420.908,5465.578,0.008,0.014,3277,301,274
2025-05-11 15:15,5421.640,5465.578,0.008,0.014,1465,309,227
2025-05-11 15:30,5421.987,5465.578,0.008,0.014,78,302,257
2025-05-11 15:45,5422.120,5465.578,0.008,0.014,317,133,139
2025-05-11 16:00,5422.203,5465.578,0.008,0.014,0,143,138
2025-05-11 16:15,5422.265,5465.578,0.008,0.014,0,143,132
2025-05-11 16:30,5422.333,5465.578,0.008,0.014,0,18,140
2025-05-11 16:45,5422.370,5465.578,0.008,0.014,0,18,148
2025-05-11 17:00,5422.410,5465.578,0.008,0.014,0,94,150
2025-05-11 17:15,5422.459,5465.578,0.008,0.014,0,147,150
2025-05-11 17:30,5422.529,5465.578,0.008,0.014,0,146,86
2025-05-11 17:45,5422.584,5465.578,0.008,0.014,0,147,86
2025-05-11 18:00,5422.620,5465.578,0.008,0.014,0,18,79
2025-05-11 18:15,5422.644,5465.578,0.008,0.014,1207,148,81
2025-05-11 18:30,5422.780,5465.578,0.008,0.014,0,150,79
2025-05-11 18:45,5422.836,5465.578,0.008,0.014,0,151,78
2025-05-11 19:00,5422.894,5465.578,0.008,0.014,0,147,77
2025-05-11 19:15,5422.950,5465.578,0.008,0.014,0,156,77
2025-05-11 19:30,5422.996,5465.578,0.008,0.014,0,18,79
2025-05-11 19:45,5423.020,5465.578,0.008,0.014,562,18,145
2025-05-11 20:00,5423.124,5465.578,0.008,0.014,0,154,136
2025-05-11 20:15,5423.190,5465.578,0.008,0.014,0,156,147
2025-05-11 20:30,5423.266,5465.578,0.008,0.014,0,157,140
2025-05-11 20:45,5423.334,5465.578,0.008,0.014,795,159,104
2025-05-11 21:00,5423.498,5465.578,0.008,0.014,0,19,77
2025-05-11 21:15,5423.523,5465.578,0.008,0.014,0,164,66
2025-05-11 21:30,5423.561,5465.578,0.008,0.014,0,171,66
2025-05-11 21:45,5423.618,5465.578,0.008,0.014,0,172,66
2025-05-11 22:00,5423.678,5465.578,0.008,0.014,0,171,66
2025-05-11 22:15,5423.721,5465.578,0.008,0.014,0,18,61
2025-05-11 22:30,5423.742,5465.578,0.008,0.014,0,186,62
2025-05-11 22:45,5423.775,5465.578,0.008,0.014,0,172,61
2025-05-11 23:00,5423.835,5465.578,0.008,0.014,0,176,61
2025-05-11 23:15,5423.892,5465.578,0.008,0.014,0,174,61
2025-05-11 23:30,5423.934,5465.578,0.008,0.014,0,17,62
2025-05-11 23:45,5423.953,5465.578,0.008,0.014,0,18,61
2025-05-12 00:00,5423.973,5465.578,0.008,0.014,0,18,61
2025-05-12 00:15,5423.993,5465.578,0.008,0.014,0,172,61
2025-05-12 00:30,5424.048,5465.578,0.008,0.014,0,172,62
2025-05-12 00:45,5424.104,5465.578,0.008,0.014,0,180,62
2025-05-12 01:00,5424.165,5465.578,0.008,0.014,0,108,64
2025-05-12 01:15,5424.191,5465.578,0.008,0.014,0,19,62
2025-05-12 01:30,5424.212,5465.578,0.008,0.014,0,178,61
2025-05-12 01:45,5424.259,5465.578,0.008,0.014,0,174,61
2025-05-12 02:00,5424.318,5465.578,0.008,0.014,0,172,61
2025-05-12 02:15,5424.361,5465.578,0.008,0.014,0,19,61
2025-05-12 02:30,5424.382,5465.578,0.008,0.014,0,64,61
2025-05-12 02:45,5424.407,5465.578,0.008,0.014,0,169,61
2025-05-12 03:00,5424.466,5465.578,0.008,0.014,0,174,61
2025-05-12 03:15,5424.522,5465.578,0.008,0.014,0,19,62
2025-05-12 03:30,5424.543,5465.578,0.008,0.014,0,19,63
2025-05-12 03:45,5424.562,5465.578,0.008,0.014,0,171,62
2025-05-12 04:00,5424.609,5465.578,0.008,0.014,0,171,62
2025-05-12 04:15,5424.665,5465.578,0.008,0.014,0,163,62
2025-05-12 04:30,5424.698,5465.578,0.008,0.014,0,19,62
2025-05-12 04:45,5424.718,5465.578,0.008,0.014,0,128,61
2025-05-12 05:00,5424.750,5465.578,0.008,0.014,0,169,61
2025-05-12 05:15,5424.805,5465.578,0.008,0.014,0,165,61
2025-05-12 05:30,5424.847,5465.578,0.008,0.014,0,19,61
2025-05-12 05:45,5424.867,5465.578,0.008,0.014,0,19,62
2025-05-12 06:00,5424.888,5465.578,0.008,0.014,0,162,63
2025-05-12 06:15,5424.942,5465.578,0.008,0.014,0,166,63
2025-05-12 06:30,5424.992,5465.578,0.008,0.014,0,19,62
2025-05-12 06:45,5425.012,5465.578,0.008,0.014,0,19,62
2025-05-12 07:00,5425.032,5465.579,0.008,0.014,0,19,63
2025-05-12 07:15,5425.032,5465.599,0.008,0.014,0,19,63
2025-05-12 07:30,5425.032,5465.620,0.008,0.014,0,148,62
2025-05-12 07:45,5425.032,5465.670,0.008,0.014,0,163,62
2025-05-12 08:00,5425.032,5465.726,0.008,0.014,0,161,63
2025-05-12 08:15,5425.032,5465.766,0.008,0.014,0,24,63
2025-05-12 08:30,5425.032,5465.788,0.008,0.014,0,60,63
2025-05-12 08:45,5425.032,5465.813,0.008,0.014,0,165,63
2025-05-12 09:00,5425.032,5465.871,0.008,0.014,0,162,63
2025-05-12 09:15,5425.032,5465.907,0.008,0.014,0,24,63
2025-05-12 09:30,5425.032,5465.929,0.008,0.014,0,223,65
2025-05-12 09:45,5425.032,5465.959,0.008,0.014,0,161,68
2025-05-12 10:00,5425.032,5466.017,0.008,0.014,107,166,67
2025-05-12 10:15,5425.032,5466.067,0.008,0.014,287,23,71
2025-05-12 10:30,5425.032,5466.154,0.008,0.014,7,164,161
2025-05-12 10:45,5425.032,5466.214,0.008,0.014,0,160,131
2025-05-12 11:00,,,,,,,
2025-05-12 11:15,,,,,,,
2025-05-12 11:30,,,,,,,
2025-05-12 11:45,,,,,,,
2025-05-12 12:00,,,,,,,
2025-05-12 12:15,,,,,,,
2025-05-12 12:30,,,,,,,
2025-05-12 12:45,,,,,,,
2025-05-12 13:00,,,,,,,
2025-05-12 13:15,,,,,,,
2025-05-12 13:30,,,,,,,
2025-05-12 13:45,,,,,,,
2025-05-12 14:00,,,,,,,
2025-05-12 14:15,,,,,,,
2025-05-12 14:30,,,,,,,
2025-05-12 14:45,,,,,,,
2025-05-12 15:00,,,,,,,
2025-05-12 15:15,,,,,,,
2025-05-12 15:30,,,,,,,
2025-05-12 15:45,,,,,,,
2025-05-12 16:00,,,,,,,
2025-05-12 16:15,,,,,,,
2025-05-12 16:30,,,,,,,
2025-05-12 16:45,,,,,,,
2025-05-12 17:00,,,,,,,
2025-05-12 17:15,,,,,,,
2025-05-12 17:30,,,,,,,
2025-05-12 17:45,,,,,,,
2025-05-12 18:00,,,,,,,
2025-05-12 18:15,,,,,,,
2025-05-12 18:30,,,,,,,
2025-05-12 18:45,,,,,,,
2025-05-12 19:00,,,,,,,
2025-05-12 19:15,,,,,,,
2025-05-12 19:30,,,,,,,
2025-05-12 19:45,,,,,,,
2025-05-12 20:00,,,,,,,
2025-05-12 20:15,,,,,,,
2025-05-12 20:30,,,,,,,
2025-05-12 20:45,,,,,,,
2025-05-12 21:00,,,,,,,
2025-05-12 21:15,,,,,,,
2025-05-12 21:30,,,,,,,
2025-05-12 21:45,,,,,,,
2025-05-12 22:00,,,,,,,
2025-05-12 22:15,,,,,,,
2025-05-12 22:30,,,,,,,
2025-05-12 22:45,,,,,,,
2025-05-12 23:00,,,,,,,
2025-05-12 23:15,,,,,,,
2025-05-12 23:30,,,,,,,
2025-05-12 23:45,,,,,,,
