EAN;Datum;Van;Tot;Btw-percentage;Verbruik: Beginstand;Verbruik: Eindstand;Verbruik in kWh;Marktprijs (excl btw) in EUR/kWh;Verbruik: Inkoopvergoeding (excl btw) in EUR/kWh;Kosten in EUR (marktprijs * verbruik) (excl btw);Kosten in EUR ((Marktprijs + inkoopvergoeding) * verbruik) (excl btw);Kosten in EUR ((marktprijs + inkoopvergoeding) * verbruik) (incl btw);Teruglevering: Beginstand;Teruglevering: Eindstand;Teruglevering in kWh;Teruglevering: Inkoopvergoeding (excl btw) in EUR/kWh;Teruglevering: Opbrengst in EUR (marktprijs * teruglevering) (excl btw);Teruglevering: Opbrengst in EUR ((marktprijs – inkoopvergoeding) * teruglevering) (excl btw);Teruglevering: Opbrengst in EUR ((marktprijs – inkoopvergoeding) * teruglevering) (incl btw)
871687460010148427;2024-12-18;00:00;01:00;21%;0;10.080,685;0,11500;0,06871;0,01500;0,00790;0,00963;0,01165;0;0,019;0,00000;0,01050;0,00000;0,00000;0,00000
871687460010148427;2024-12-18;01:00;02:00;21%;10.080,685;10.080,778;0,09300;0,05212;0,01500;0,00485;0,00624;0,00755;0,019;0,019;0,00000;0,01050;0,00000;0,00000;0,00000
871687460010148427;2024-12-18;02:00;03:00;21%;10.080,778;10.080,902;0,12400;0,04570;0,01500;0,00567;0,00753;0,00911;0,019;0,019;0,00000;0,01050;0,00000;0,00000;0,00000
871687460010148427;2024-12-18;03:00;04:00;21%;10.080,902;10.081,008;0,10600;0,04000;0,01500;0,00424;0,00583;0,00705;0,019;0,019;0,00000;0,01050;0,00000;0,00000;0,00000
871687460010148427;2024-12-18;04:00;05:00;21%;10.081,008;10.081,115;0,10700;0,02622;0,01500;0,00281;0,00441;0,00534;0,019;0,019;0,00000;0,01050;0,00000;0,00000;0,00000
871687460010148427;2024-12-18;05:00;06:00;21%;10.081,115;10.081,221;0,10600;0,03267;0,01500;0,00346;0,00505;0,00611;0,019;0,019;0,00000;0,01050;0,00000;0,00000;0,00000
871687460010148427;2024-12-18;06:00;07:00;21%;10.081,221;10.081,327;0,10600;0,04594;0,01500;0,00487;0,00646;0,00782;0,019;0,019;0,00000;0,01050;0,00000;0,00000;0,00000
871687460010148427;2024-12-18;07:00;08:00;21%;10.081,327;10.081,437;0,11000;0,05734;0,01500;0,00631;0,00796;0,00963;0,019;0,019;0,00000;0,01050;0,00000;0,00000;0,00000
871687460010148427;2024-12-18;08:00;09:00;21%;10.081,437;10.081,543;0,10600;0,07758;0,01500;0,00822;0,00981;0,01187;0,019;0,019;0,00000;0,01050;0,00000;0,00000;0,00000
871687460010148427;2024-12-18;09:00;10:00;21%;10.081,543;10.081,657;0,11400;0,07669;0,01500;0,00874;0,01045;0,01265;0,019;0,019;0,00000;0,01050;0,00000;0,00000;0,00000
871687460010148427;2024-12-18;10:00;11:00;21%;10.081,657;10.081,778;0,12100;0,06862;0,01500;0,00830;0,01012;0,01224;0,019;0,019;0,00000;0,01050;0,00000;0,00000;0,00000
871687460010148427;2024-12-18;11:00;12:00;21%;10.081,778;10.081,885;0,10700;0,06712;0,01500;0,00718;0,00879;0,01063;0,019;0,019;0,00000;0,01050;0,00000;0,00000;0,00000
871687460010148427;2024-12-18;12:00;13:00;21%;10.081,885;10.081,993;0,10800;0,07048;0,01500;0,00761;0,00923;0,01117;0,019;0,019;0,00000;0,01050;0,00000;0,00000;0,00000
871687460010148427;2024-12-18;13:00;14:00;21%;10.081,993;10.082,102;0,10900;0,07000;0,01500;0,00763;0,00927;0,01121;0,019;0,019;0,00000;0,01050;0,00000;0,00000;0,00000
871687460010148427;2024-12-18;14:00;15:00;21%;10.082,102;10.082,21;0,10800;0,07000;0,01500;0,00756;0,00918;0,01111;0,019;0,019;0,00000;0,01050;0,00000;0,00000;0,00000
871687460010148427;2024-12-18;15:00;16:00;21%;10.082,21;10.082,318;0,10800;0,07308;0,01500;0,00789;0,00951;0,01151;0,019;0,019;0,00000;0,01050;0,00000;0,00000;0,00000
871687460010148427;2024-12-18;16:00;17:00;21%;10.082,318;10.082,418;0,10000;0,07869;0,01500;0,00787;0,00937;0,01134;0,019;0,019;0,00000;0,01050;0,00000;0,00000;0,00000
871687460010148427;2024-12-18;17:00;18:00;21%;10.082,418;10.082,538;0,12000;0,09446;0,01500;0,01134;0,01314;0,01589;0,019;0,019;0,00000;0,01050;0,00000;0,00000;0,00000
871687460010148427;2024-12-18;18:00;19:00;21%;10.082,538;10.082,654;0,11600;0,08990;0,01500;0,01043;0,01217;0,01472;0,019;0,019;0,00000;0,01050;0,00000;0,00000;0,00000
871687460010148427;2024-12-18;19:00;20:00;21%;10.082,654;10.082,763;0,10900;0,08520;0,01500;0,00929;0,01092;0,01322;0,019;0,019;0,00000;0,01050;0,00000;0,00000;0,00000
871687460010148427;2024-12-18;20:00;21:00;21%;10.082,763;10.082,868;0,10500;0,07731;0,01500;0,00812;0,00969;0,01173;0,019;0,019;0,00000;0,01050;0,00000;0,00000;0,00000
871687460010148427;2024-12-18;21:00;22:00;21%;10.082,868;10.082,975;0,10700;0,06490;0,01500;0,00694;0,00855;0,01034;0,019;0,019;0,00000;0,01050;0,00000;0,00000;0,00000
871687460010148427;2024-12-18;22:00;23:00;21%;10.082,975;10.083,081;0,10600;0,04510;0,01500;0,00478;0,00637;0,00771;0,019;0,019;0,00000;0,01050;0,00000;0,00000;0,00000
871687460010148427;2024-12-18;23:00;00:00;21%;10.083,081;10.083,169;0,08800;0,02358;0,01500;0,00208;0,00340;0,00411;0,019;0,019;0,00000;0,01050;0,00000;0,00000;0,00000
871687460010148427;2024-12-19;00:00;01:00;21%;10.083,169;10.083,29;0,12100;0,01366;0,01500;0,00165;0,00347;0,00420;0,019;0,019;0,00000;0,01050;0,00000;0,00000;0,00000
871687460010148427;2024-12-19;01:00;02:00;21%;10.083,29;10.083,408;0,11800;0,01441;0,01500;0,00170;0,00347;0,00420;0,019;0,019;0,00000;0,01050;0,00000;0,00000;0,00000
871687460010148427;2024-12-19;02:00;03:00;21%;10.083,408;10.083,527;0,11900;0,00569;0,01500;0,00068;0,00246;0,00298;0,019;0,019;0,00000;0,01050;0,00000;0,00000;0,00000
871687460010148427;2024-12-19;03:00;04:00;21%;10.083,527;10.083,634;0,10700;0,00160;0,01500;0,00017;0,00178;0,00215;0,019;0,019;0,00000;0,01050;0,00000;0,00000;0,00000
871687460010148427;2024-12-19;04:00;05:00;21%;10.083,634;10.083,741;0,10700;0,00026;0,01500;0,00003;0,00163;0,00198;0,019;0,019;0,00000;0,01050;0,00000;0,00000;0,00000
871687460010148427;2024-12-19;05:00;06:00;21%;10.083,741;10.083,85;0,10900;0,00006;0,01500;0,00001;0,00164;0,00199;0,019;0,019;0,00000;0,01050;0,00000;0,00000;0,00000
871687460010148427;2024-12-19;06:00;07:00;21%;10.083,85;10.083,926;0,07600;0,00701;0,01500;0,00053;0,00167;0,00202;0,019;0,019;0,00000;0,01050;0,00000;0,00000;0,00000
871687460010148427;2024-12-19;07:00;08:00;21%;10.083,926;10.084,046;0,12000;0,05578;0,01500;0,00669;0,00849;0,01028;0,019;0,019;0,00000;0,01050;0,00000;0,00000;0,00000
871687460010148427;2024-12-19;08:00;09:00;21%;10.084,046;10.084,164;0,11800;0,09215;0,01500;0,01087;0,01264;0,01530;0,019;0,019;0,00000;0,01050;0,00000;0,00000;0,00000
871687460010148427;2024-12-19;09:00;10:00;21%;10.084,164;10.084,281;0,11700;0,13110;0,01500;0,01534;0,01709;0,02068;0,019;0,019;0,00000;0,01050;0,00000;0,00000;0,00000
871687460010148427;2024-12-19;10:00;11:00;21%;10.084,281;10.084,399;0,11800;0,11090;0,01500;0,01309;0,01486;0,01798;0,019;0,019;0,00000;0,01050;0,00000;0,00000;0,00000
871687460010148427;2024-12-19;11:00;12:00;21%;10.084,399;10.084,512;0,11300;0,09600;0,01500;0,01085;0,01254;0,01518;0,019;0,019;0,00000;0,01050;0,00000;0,00000;0,00000
871687460010148427;2024-12-19;12:00;13:00;21%;10.084,512;10.084,624;0,11200;0,08010;0,01500;0,00897;0,01065;0,01289;0,019;0,019;0,00000;0,01050;0,00000;0,00000;0,00000
871687460010148427;2024-12-19;13:00;14:00;21%;10.084,624;10.084,694;0,07000;0,07700;0,01500;0,00539;0,00644;0,00779;0,019;0,019;0,00000;0,01050;0,00000;0,00000;0,00000
871687460010148427;2024-12-19;14:00;15:00;21%;10.084,694;10.084,817;0,12300;0,08003;0,01500;0,00984;0,01169;0,01414;0,019;0,019;0,00000;0,01050;0,00000;0,00000;0,00000
871687460010148427;2024-12-19;15:00;16:00;21%;10.084,817;10.084,923;0,10600;0,09000;0,01500;0,00954;0,01113;0,01347;0,019;0,019;0,00000;0,01050;0,00000;0,00000;0,00000
871687460010148427;2024-12-19;16:00;17:00;21%;10.084,923;10.085,04;0,11700;0,11090;0,01500;0,01298;0,01473;0,01782;0,019;0,019;0,00000;0,01050;0,00000;0,00000;0,00000
871687460010148427;2024-12-19;17:00;18:00;21%;10.085,04;10.085,155;0,11500;0,14780;0,01500;0,01700;0,01872;0,02265;0,019;0,019;0,00000;0,01050;0,00000;0,00000;0,00000
871687460010148427;2024-12-19;18:00;19:00;21%;10.085,155;10.085,269;0,11400;0,12999;0,01500;0,01482;0,01653;0,02000;0,019;0,019;0,00000;0,01050;0,00000;0,00000;0,00000
871687460010148427;2024-12-19;19:00;20:00;21%;10.085,269;10.085,383;0,11400;0,09154;0,01500;0,01044;0,01215;0,01470;0,019;0,019;0,00000;0,01050;0,00000;0,00000;0,00000
871687460010148427;2024-12-19;20:00;21:00;21%;10.085,383;10.085,455;0,07200;0,08529;0,01500;0,00614;0,00722;0,00874;0,019;0,019;0,00000;0,01050;0,00000;0,00000;0,00000
871687460010148427;2024-12-19;21:00;22:00;21%;10.085,455;10.085,578;0,12300;0,07907;0,01500;0,00973;0,01157;0,01400;0,019;0,019;0,00000;0,01050;0,00000;0,00000;0,00000
871687460010148427;2024-12-19;22:00;23:00;21%;10.085,578;10.085,683;0,10500;0,07905;0,01500;0,00830;0,00988;0,01195;0,019;0,019;0,00000;0,01050;0,00000;0,00000;0,00000
871687460010148427;2024-12-19;23:00;00:00;21%;10.085,683;10.085,789;0,10600;0,06490;0,01500;0,00688;0,00847;0,01025;0,019;0,019;0,00000;0,01050;0,00000;0,00000;0,00000
871687460010148427;2024-12-20;00:00;01:00;21%;10.085,789;10.085,898;0,10900;0,04865;0,01500;0,00530;0,00694;0,00839;0,019;0,019;0,00000;0,01050;0,00000;0,00000;0,00000
871687460010148427;2024-12-20;01:00;02:00;21%;10.085,898;10.086,012;0,11400;0,03240;0,01500;0,00369;0,00540;0,00654;0,019;0,019;0,00000;0,01050;0,00000;0,00000;0,00000
871687460010148427;2024-12-20;02:00;03:00;21%;10.086,012;10.086,126;0,11400;0,01752;0,01500;0,00200;0,00371;0,00449;0,019;0,019;0,00000;0,01050;0,00000;0,00000;0,00000
871687460010148427;2024-12-20;03:00;04:00;21%;10.086,126;10.086,213;0,08700;0,01814;0,01500;0,00158;0,00288;0,00349;0,019;0,019;0,00000;0,01050;0,00000;0,00000;0,00000
871687460010148427;2024-12-20;04:00;05:00;21%;10.086,213;10.086,337;0,12400;0,02360;0,01500;0,00293;0,00479;0,00579;0,019;0,019;0,00000;0,01050;0,00000;0,00000;0,00000
871687460010148427;2024-12-20;05:00;06:00;21%;10.086,337;10.086,442;0,10500;0,04898;0,01500;0,00514;0,00672;0,00813;0,019;0,019;0,00000;0,01050;0,00000;0,00000;0,00000
871687460010148427;2024-12-20;06:00;07:00;21%;10.086,442;10.086,547;0,10500;0,07492;0,01500;0,00787;0,00944;0,01142;0,019;0,019;0,00000;0,01050;0,00000;0,00000;0,00000
871687460010148427;2024-12-20;07:00;08:00;21%;10.086,547;10.086,653;0,10600;0,11800;0,01500;0,01251;0,01410;0,01706;0,019;0,019;0,00000;0,01050;0,00000;0,00000;0,00000
871687460010148427;2024-12-20;08:00;09:00;21%;10.086,653;10.086,758;0,10500;0,16900;0,01500;0,01775;0,01932;0,02338;0,019;0,019;0,00000;0,01050;0,00000;0,00000;0,00000
871687460010148427;2024-12-20;09:00;10:00;21%;10.086,758;10.086,868;0,11000;0,15003;0,01500;0,01650;0,01815;0,02197;0,019;0,019;0,00000;0,01050;0,00000;0,00000;0,00000
871687460010148427;2024-12-20;10:00;11:00;21%;10.086,868;10.086,975;0,10700;0,12292;0,01500;0,01315;0,01476;0,01786;0,019;0,019;0,00000;0,01050;0,00000;0,00000;0,00000
871687460010148427;2024-12-20;11:00;12:00;21%;10.086,975;10.087,097;0,12200;0,09787;0,01500;0,01194;0,01377;0,01666;0,019;0,019;0,00000;0,01050;0,00000;0,00000;0,00000
871687460010148427;2024-12-20;12:00;13:00;21%;10.087,097;10.087,212;0,11500;0,08797;0,01500;0,01012;0,01184;0,01433;0,019;0,019;0,00000;0,01050;0,00000;0,00000;0,00000
871687460010148427;2024-12-20;13:00;14:00;21%;10.087,212;10.087,319;0,10700;0,08428;0,01500;0,00902;0,01062;0,01285;0,019;0,019;0,00000;0,01050;0,00000;0,00000;0,00000
871687460010148427;2024-12-20;14:00;15:00;21%;10.087,319;10.087,428;0,10900;0,08876;0,01500;0,00967;0,01131;0,01368;0,019;0,019;0,00000;0,01050;0,00000;0,00000;0,00000
871687460010148427;2024-12-20;15:00;16:00;21%;10.087,428;10.087,534;0,10600;0,09938;0,01500;0,01053;0,01212;0,01467;0,019;0,019;0,00000;0,01050;0,00000;0,00000;0,00000
871687460010148427;2024-12-20;16:00;17:00;21%;10.087,534;10.087,641;0,10700;0,10558;0,01500;0,01130;0,01290;0,01561;0,019;0,019;0,00000;0,01050;0,00000;0,00000;0,00000
871687460010148427;2024-12-20;17:00;18:00;21%;10.087,641;10.087,748;0,10700;0,11014;0,01500;0,01178;0,01339;0,01620;0,019;0,019;0,00000;0,01050;0,00000;0,00000;0,00000
871687460010148427;2024-12-20;18:00;19:00;21%;10.087,748;10.087,845;0,09700;0,10172;0,01500;0,00987;0,01132;0,01370;0,019;0,019;0,00000;0,01050;0,00000;0,00000;0,00000
871687460010148427;2024-12-20;19:00;20:00;21%;10.087,845;10.087,965;0,12000;0,09933;0,01500;0,01192;0,01372;0,01660;0,019;0,019;0,00000;0,01050;0,00000;0,00000;0,00000
871687460010148427;2024-12-20;20:00;21:00;21%;10.087,965;10.088,081;0,11600;0,09034;0,01500;0,01048;0,01222;0,01479;0,019;0,019;0,00000;0,01050;0,00000;0,00000;0,00000
871687460010148427;2024-12-20;21:00;22:00;21%;10.088,081;10.088,188;0,10700;0,07244;0,01500;0,00775;0,00936;0,01132;0,019;0,019;0,00000;0,01050;0,00000;0,00000;0,00000
871687460010148427;2024-12-20;22:00;23:00;21%;10.088,188;10.088,295;0,10700;0,07042;0,01500;0,00753;0,00914;0,01106;0,019;0,019;0,00000;0,01050;0,00000;0,00000;0,00000
871687460010148427;2024-12-20;23:00;00:00;21%;10.088,295;10.088,405;0,11000;0,05833;0,01500;0,00642;0,00807;0,00976;0,019;0,019;0,00000;0,01050;0,00000;0,00000;0,00000
871687460010148427;2024-12-21;00:00;01:00;21%;10.088,405;10.088,51;0,10500;0,02881;0,01500;0,00303;0,00460;0,00557;0,019;0,019;0,00000;0,01050;0,00000;0,00000;0,00000
871687460010148427;2024-12-21;01:00;02:00;21%;10.088,51;10.088,59;0,08000;0,02451;0,01500;0,00196;0,00316;0,00382;0,019;0,019;0,00000;0,01050;0,00000;0,00000;0,00000
871687460010148427;2024-12-21;02:00;03:00;21%;10.088,59;10.088,71;0,12000;0,02426;0,01500;0,00291;0,00471;0,00570;0,019;0,019;0,00000;0,01050;0,00000;0,00000;0,00000
871687460010148427;2024-12-21;03:00;04:00;21%;10.088,71;10.088,826;0,11600;0,01941;0,01500;0,00225;0,00399;0,00483;0,019;0,019;0,00000;0,01050;0,00000;0,00000;0,00000
871687460010148427;2024-12-21;04:00;05:00;21%;10.088,826;10.088,942;0,11600;0,01811;0,01500;0,00210;0,00384;0,00465;0,019;0,019;0,00000;0,01050;0,00000;0,00000;0,00000
871687460010148427;2024-12-21;05:00;06:00;21%;10.088,942;10.089,057;0,11500;0,02616;0,01500;0,00301;0,00473;0,00573;0,019;0,019;0,00000;0,01050;0,00000;0,00000;0,00000
871687460010148427;2024-12-21;06:00;07:00;21%;10.089,057;10.089,167;0,11000;0,04173;0,01500;0,00459;0,00624;0,00755;0,019;0,019;0,00000;0,01050;0,00000;0,00000;0,00000
871687460010148427;2024-12-21;07:00;08:00;21%;10.089,167;10.089,273;0,10600;0,04060;0,01500;0,00430;0,00589;0,00713;0,019;0,019;0,00000;0,01050;0,00000;0,00000;0,00000
871687460010148427;2024-12-21;08:00;09:00;21%;10.089,273;10.089,342;0,06900;0,05165;0,01500;0,00356;0,00460;0,00556;0,019;0,019;0,00000;0,01050;0,00000;0,00000;0,00000
871687460010148427;2024-12-21;09:00;10:00;21%;10.089,342;10.089,468;0,12600;0,06192;0,01500;0,00780;0,00969;0,01173;0,019;0,019;0,00000;0,01050;0,00000;0,00000;0,00000
871687460010148427;2024-12-21;10:00;11:00;21%;10.089,468;10.089,579;0,11100;0,05600;0,01500;0,00622;0,00788;0,00954;0,019;0,019;0,00000;0,01050;0,00000;0,00000;0,00000
871687460010148427;2024-12-21;11:00;12:00;21%;10.089,579;10.089,689;0,11000;0,04052;0,01500;0,00446;0,00611;0,00739;0,019;0,019;0,00000;0,01050;0,00000;0,00000;0,00000
871687460010148427;2024-12-21;12:00;13:00;21%;10.089,689;10.089,806;0,11700;0,03464;0,01500;0,00405;0,00581;0,00703;0,019;0,019;0,00000;0,01050;0,00000;0,00000;0,00000
871687460010148427;2024-12-21;13:00;14:00;21%;10.089,806;10.089,921;0,11500;0,03144;0,01500;0,00362;0,00534;0,00646;0,019;0,019;0,00000;0,01050;0,00000;0,00000;0,00000
871687460010148427;2024-12-21;14:00;15:00;21%;10.089,921;10.090,038;0,11700;0,02845;0,01500;0,00333;0,00508;0,00615;0,019;0,019;0,00000;0,01050;0,00000;0,00000;0,00000
871687460010148427;2024-12-21;15:00;16:00;21%;10.090,038;10.090,117;0,07900;0,03109;0,01500;0,00246;0,00364;0,00441;0,019;0,019;0,00000;0,01050;0,00000;0,00000;0,00000
871687460010148427;2024-12-21;16:00;17:00;21%;10.090,117;10.090,24;0,12300;0,03256;0,01500;0,00400;0,00585;0,00708;0,019;0,019;0,00000;0,01050;0,00000;0,00000;0,00000
871687460010148427;2024-12-21;17:00;18:00;21%;10.090,24;10.090,346;0,10600;0,04990;0,01500;0,00529;0,00688;0,00832;0,019;0,019;0,00000;0,01050;0,00000;0,00000;0,00000
871687460010148427;2024-12-21;18:00;19:00;21%;10.090,346;10.090,455;0,10900;0,06010;0,01500;0,00655;0,00819;0,00990;0,019;0,019;0,00000;0,01050;0,00000;0,00000;0,00000
871687460010148427;2024-12-21;19:00;20:00;21%;10.090,455;10.090,561;0,10600;0,05500;0,01500;0,00583;0,00742;0,00898;0,019;0,019;0,00000;0,01050;0,00000;0,00000;0,00000
871687460010148427;2024-12-21;20:00;21:00;21%;10.090,561;10.090,671;0,11000;0,02804;0,01500;0,00308;0,00473;0,00573;0,019;0,019;0,00000;0,01050;0,00000;0,00000;0,00000
871687460010148427;2024-12-21;21:00;22:00;21%;10.090,671;10.090,786;0,11500;0,00941;0,01500;0,00108;0,00281;0,00340;0,019;0,019;0,00000;0,01050;0,00000;0,00000;0,00000
871687460010148427;2024-12-21;22:00;23:00;21%;10.090,786;10.090,88;0,09400;0,00736;0,01500;0,00069;0,00210;0,00254;0,019;0,019;0,00000;0,01050;0,00000;0,00000;0,00000
871687460010148427;2024-12-21;23:00;00:00;21%;10.090,88;10.091,002;0,12200;0,00398;0,01500;0,00049;0,00232;0,00280;0,019;0,019;0,00000;0,01050;0,00000;0,00000;0,00000
871687460010148427;2024-12-22;00:00;01:00;21%;10.091,002;10.091,109;0,10700;0,00270;0,01500;0,00029;0,00189;0,00229;0,019;0,019;0,00000;0,01050;0,00000;0,00000;0,00000
871687460010148427;2024-12-22;01:00;02:00;21%;10.091,109;10.091,215;0,10600;0,00161;0,01500;0,00017;0,00176;0,00213;0,019;0,019;0,00000;0,01050;0,00000;0,00000;0,00000
871687460010148427;2024-12-22;02:00;03:00;21%;10.091,215;10.091,322;0,10700;0,00000;0,01500;0,00000;0,00161;0,00194;0,019;0,019;0,00000;0,01050;0,00000;0,00000;0,00000
871687460010148427;2024-12-22;03:00;04:00;21%;10.091,322;10.091,432;0,11000;-0,00074;0,01500;-0,00008;0,00157;0,00190;0,019;0,019;0,00000;0,01050;0,00000;0,00000;0,00000
871687460010148427;2024-12-22;04:00;05:00;21%;10.091,432;10.091,538;0,10600;-0,00200;0,01500;-0,00021;0,00138;0,00167;0,019;0,019;0,00000;0,01050;0,00000;0,00000;0,00000
871687460010148427;2024-12-22;05:00;06:00;21%;10.091,538;10.091,644;0,10600;-0,00124;0,01500;-0,00013;0,00146;0,00176;0,019;0,019;0,00000;0,01050;0,00000;0,00000;0,00000
871687460010148427;2024-12-22;06:00;07:00;21%;10.091,644;10.091,753;0,10900;-0,00066;0,01500;-0,00007;0,00156;0,00189;0,019;0,019;0,00000;0,01050;0,00000;0,00000;0,00000
871687460010148427;2024-12-22;07:00;08:00;21%;10.091,753;10.091,872;0,11900;0,00229;0,01500;0,00027;0,00206;0,00249;0,019;0,019;0,00000;0,01050;0,00000;0,00000;0,00000
871687460010148427;2024-12-22;08:00;09:00;21%;10.091,872;10.091,983;0,11100;0,00645;0,01500;0,00072;0,00238;0,00288;0,019;0,019;0,00000;0,01050;0,00000;0,00000;0,00000
871687460010148427;2024-12-22;09:00;10:00;21%;10.091,983;10.092,093;0,11000;0,02241;0,01500;0,00247;0,00412;0,00498;0,019;0,019;0,00000;0,01050;0,00000;0,00000;0,00000
871687460010148427;2024-12-22;10:00;11:00;21%;10.092,093;10.092,2;0,10700;0,02066;0,01500;0,00221;0,00382;0,00462;0,019;0,019;0,00000;0,01050;0,00000;0,00000;0,00000
871687460010148427;2024-12-22;11:00;12:00;21%;10.092,2;10.092,308;0,10800;0,02354;0,01500;0,00254;0,00416;0,00504;0,019;0,019;0,00000;0,01050;0,00000;0,00000;0,00000
871687460010148427;2024-12-22;12:00;13:00;21%;10.092,308;10.092,414;0,10600;0,02262;0,01500;0,00240;0,00399;0,00483;0,019;0,019;0,00000;0,01050;0,00000;0,00000;0,00000
871687460010148427;2024-12-22;13:00;14:00;21%;10.092,414;10.092,497;0,08300;0,02255;0,01500;0,00187;0,00312;0,00377;0,019;0,019;0,00000;0,01050;0,00000;0,00000;0,00000
871687460010148427;2024-12-22;14:00;15:00;21%;10.092,497;10.092,618;0,12100;0,02807;0,01500;0,00340;0,00521;0,00631;0,019;0,019;0,00000;0,01050;0,00000;0,00000;0,00000
871687460010148427;2024-12-22;15:00;16:00;21%;10.092,618;10.092,735;0,11700;0,04177;0,01500;0,00489;0,00664;0,00804;0,019;0,019;0,00000;0,01050;0,00000;0,00000;0,00000
871687460010148427;2024-12-22;16:00;17:00;21%;10.092,735;10.092,851;0,11600;0,05990;0,01500;0,00695;0,00869;0,01051;0,019;0,019;0,00000;0,01050;0,00000;0,00000;0,00000
871687460010148427;2024-12-22;17:00;18:00;21%;10.092,851;10.092,965;0,11400;0,09230;0,01500;0,01052;0,01223;0,01480;0,019;0,019;0,00000;0,01050;0,00000;0,00000;0,00000
871687460010148427;2024-12-22;18:00;19:00;21%;10.092,965;10.093,074;0,10900;0,08620;0,01500;0,00940;0,01103;0,01335;0,019;0,019;0,00000;0,01050;0,00000;0,00000;0,00000
871687460010148427;2024-12-22;19:00;20:00;21%;10.093,074;10.093,18;0,10600;0,07123;0,01500;0,00755;0,00914;0,01106;0,019;0,019;0,00000;0,01050;0,00000;0,00000;0,00000
871687460010148427;2024-12-22;20:00;21:00;21%;10.093,18;10.093,251;0,07100;0,05490;0,01500;0,00390;0,00496;0,00601;0,019;0,019;0,00000;0,01050;0,00000;0,00000;0,00000
871687460010148427;2024-12-22;21:00;22:00;21%;10.093,251;10.093,374;0,12300;0,03991;0,01500;0,00491;0,00675;0,00817;0,019;0,019;0,00000;0,01050;0,00000;0,00000;0,00000
871687460010148427;2024-12-22;22:00;23:00;21%;10.093,374;10.093,48;0,10600;0,03791;0,01500;0,00402;0,00561;0,00679;0,019;0,019;0,00000;0,01050;0,00000;0,00000;0,00000
871687460010148427;2024-12-22;23:00;00:00;21%;10.093,48;10.093,591;0,11100;0,02632;0,01500;0,00292;0,00459;0,00555;0,019;0,019;0,00000;0,01050;0,00000;0,00000;0,00000
871687460010148427;2024-12-23;00:00;01:00;21%;10.093,591;10.093,706;0,11500;0,01937;0,01500;0,00223;0,00395;0,00478;0,019;0,019;0,00000;0,01050;0,00000;0,00000;0,00000
871687460010148427;2024-12-23;01:00;02:00;21%;10.093,706;10.093,82;0,11400;0,01326;0,01500;0,00151;0,00322;0,00390;0,019;0,019;0,00000;0,01050;0,00000;0,00000;0,00000
871687460010148427;2024-12-23;02:00;03:00;21%;10.093,82;10.093,934;0,11400;0,01113;0,01500;0,00127;0,00298;0,00360;0,019;0,019;0,00000;0,01050;0,00000;0,00000;0,00000
871687460010148427;2024-12-23;03:00;04:00;21%;10.093,934;10.094,014;0,08000;0,00773;0,01500;0,00062;0,00182;0,00220;0,019;0,019;0,00000;0,01050;0,00000;0,00000;0,00000
871687460010148427;2024-12-23;04:00;05:00;21%;10.094,014;10.094,135;0,12100;0,00640;0,01500;0,00077;0,00259;0,00313;0,019;0,019;0,00000;0,01050;0,00000;0,00000;0,00000
871687460010148427;2024-12-23;05:00;06:00;21%;10.094,135;10.094,242;0,10700;0,00630;0,01500;0,00067;0,00228;0,00276;0,019;0,019;0,00000;0,01050;0,00000;0,00000;0,00000
871687460010148427;2024-12-23;06:00;07:00;21%;10.094,242;10.094,348;0,10600;0,01745;0,01500;0,00185;0,00344;0,00416;0,019;0,019;0,00000;0,01050;0,00000;0,00000;0,00000
871687460010148427;2024-12-23;07:00;08:00;21%;10.094,348;10.094,454;0,10600;0,05337;0,01500;0,00566;0,00725;0,00877;0,019;0,019;0,00000;0,01050;0,00000;0,00000;0,00000
871687460010148427;2024-12-23;08:00;09:00;21%;10.094,454;10.094,56;0,10600;0,06694;0,01500;0,00710;0,00869;0,01051;0,019;0,019;0,00000;0,01050;0,00000;0,00000;0,00000
871687460010148427;2024-12-23;09:00;10:00;21%;10.094,56;10.094,671;0,11100;0,06736;0,01500;0,00748;0,00914;0,01106;0,019;0,019;0,00000;0,01050;0,00000;0,00000;0,00000
871687460010148427;2024-12-23;10:00;11:00;21%;10.094,671;10.094,775;0,10400;0,05600;0,01500;0,00582;0,00738;0,00893;0,019;0,019;0,00000;0,01050;0,00000;0,00000;0,00000
871687460010148427;2024-12-23;11:00;12:00;21%;10.094,775;10.094,895;0,12000;0,05490;0,01500;0,00659;0,00839;0,01015;0,019;0,019;0,00000;0,01050;0,00000;0,00000;0,00000
871687460010148427;2024-12-23;12:00;13:00;21%;10.094,895;10.095,007;0,11200;0,05697;0,01500;0,00638;0,00806;0,00975;0,019;0,019;0,00000;0,01050;0,00000;0,00000;0,00000
871687460010148427;2024-12-23;13:00;14:00;21%;10.095,007;10.095,115;0,10800;0,05770;0,01500;0,00623;0,00785;0,00950;0,019;0,019;0,00000;0,01050;0,00000;0,00000;0,00000
871687460010148427;2024-12-23;14:00;15:00;21%;10.095,115;10.095,222;0,10700;0,06455;0,01500;0,00691;0,00851;0,01030;0,019;0,019;0,00000;0,01050;0,00000;0,00000;0,00000
871687460010148427;2024-12-23;15:00;16:00;21%;10.095,222;10.095,333;0,11100;0,07634;0,01500;0,00847;0,01014;0,01227;0,019;0,019;0,00000;0,01050;0,00000;0,00000;0,00000
871687460010148427;2024-12-23;16:00;17:00;21%;10.095,333;10.095,438;0,10500;0,11727;0,01500;0,01231;0,01389;0,01680;0,019;0,019;0,00000;0,01050;0,00000;0,00000;0,00000
871687460010148427;2024-12-23;17:00;18:00;21%;10.095,438;10.095,546;0,10800;0,13032;0,01500;0,01407;0,01569;0,01899;0,019;0,019;0,00000;0,01050;0,00000;0,00000;0,00000
871687460010148427;2024-12-23;18:00;19:00;21%;10.095,546;10.095,634;0,08800;0,12990;0,01500;0,01143;0,01275;0,01543;0,019;0,019;0,00000;0,01050;0,00000;0,00000;0,00000
871687460010148427;2024-12-23;19:00;20:00;21%;10.095,634;10.095,752;0,11800;0,13596;0,01500;0,01604;0,01781;0,02155;0,019;0,019;0,00000;0,01050;0,00000;0,00000;0,00000
871687460010148427;2024-12-23;20:00;21:00;21%;10.095,752;10.095,869;0,11700;0,14580;0,01500;0,01706;0,01881;0,02276;0,019;0,019;0,00000;0,01050;0,00000;0,00000;0,00000
871687460010148427;2024-12-23;21:00;22:00;21%;10.095,869;10.095,984;0,11500;0,11020;0,01500;0,01267;0,01440;0,01742;0,019;0,019;0,00000;0,01050;0,00000;0,00000;0,00000
871687460010148427;2024-12-23;22:00;23:00;21%;10.095,984;10.096,098;0,11400;0,10582;0,01500;0,01206;0,01377;0,01667;0,019;0,019;0,00000;0,01050;0,00000;0,00000;0,00000
871687460010148427;2024-12-23;23:00;00:00;21%;10.096,098;10.096,205;0,10700;0,11891;0,01500;0,01272;0,01433;0,01734;0,019;0,019;0,00000;0,01050;0,00000;0,00000;0,00000
871687460010148427;2024-12-24;00:00;01:00;21%;10.096,205;10.096,316;0,11100;0,08603;0,01500;0,00955;0,01121;0,01357;0,019;0,019;0,00000;0,01050;0,00000;0,00000;0,00000
871687460010148427;2024-12-24;01:00;02:00;21%;10.096,316;10.096,386;0,07000;0,08284;0,01500;0,00580;0,00685;0,00829;0,019;0,019;0,00000;0,01050;0,00000;0,00000;0,00000
871687460010148427;2024-12-24;02:00;03:00;21%;10.096,386;10.096,509;0,12300;0,08189;0,01500;0,01007;0,01192;0,01442;0,019;0,019;0,00000;0,01050;0,00000;0,00000;0,00000
871687460010148427;2024-12-24;03:00;04:00;21%;10.096,509;10.096,616;0,10700;0,07800;0,01500;0,00835;0,00995;0,01204;0,019;0,019;0,00000;0,01050;0,00000;0,00000;0,00000
871687460010148427;2024-12-24;04:00;05:00;21%;10.096,616;10.096,721;0,10500;0,07878;0,01500;0,00827;0,00985;0,01191;0,019;0,019;0,00000;0,01050;0,00000;0,00000;0,00000
871687460010148427;2024-12-24;05:00;06:00;21%;10.096,721;10.096,834;0,11300;0,08060;0,01500;0,00911;0,01080;0,01307;0,019;0,019;0,00000;0,01050;0,00000;0,00000;0,00000
871687460010148427;2024-12-24;06:00;07:00;21%;10.096,834;10.096,947;0,11300;0,08507;0,01500;0,00961;0,01131;0,01368;0,019;0,019;0,00000;0,01050;0,00000;0,00000;0,00000
871687460010148427;2024-12-24;07:00;08:00;21%;10.096,947;10.097,06;0,11300;0,10083;0,01500;0,01139;0,01309;0,01584;0,019;0,019;0,00000;0,01050;0,00000;0,00000;0,00000
871687460010148427;2024-12-24;08:00;09:00;21%;10.097,06;10.097,147;0,08700;0,11509;0,01500;0,01001;0,01132;0,01369;0,019;0,019;0,00000;0,01050;0,00000;0,00000;0,00000
871687460010148427;2024-12-24;09:00;10:00;21%;10.097,147;10.097,278;0,13100;0,12095;0,01500;0,01584;0,01781;0,02155;0,019;0,019;0,00000;0,01050;0,00000;0,00000;0,00000
871687460010148427;2024-12-24;10:00;11:00;21%;10.097,278;10.097,386;0,10800;0,12000;0,01500;0,01296;0,01458;0,01764;0,019;0,019;0,00000;0,01050;0,00000;0,00000;0,00000
871687460010148427;2024-12-24;11:00;12:00;21%;10.097,386;10.097,494;0,10800;0,11816;0,01500;0,01276;0,01438;0,01740;0,019;0,019;0,00000;0,01050;0,00000;0,00000;0,00000
871687460010148427;2024-12-24;12:00;13:00;21%;10.097,494;10.097,603;0,10900;0,11749;0,01500;0,01281;0,01444;0,01747;0,019;0,019;0,00000;0,01050;0,00000;0,00000;0,00000
871687460010148427;2024-12-24;13:00;14:00;21%;10.097,603;10.097,71;0,10700;0,11538;0,01500;0,01235;0,01395;0,01688;0,019;0,019;0,00000;0,01050;0,00000;0,00000;0,00000
871687460010148427;2024-12-24;14:00;15:00;21%;10.097,71;10.097,817;0,10700;0,11798;0,01500;0,01262;0,01423;0,01722;0,019;0,019;0,00000;0,01050;0,00000;0,00000;0,00000
871687460010148427;2024-12-24;15:00;16:00;21%;10.097,817;10.097,925;0,10800;0,11950;0,01500;0,01291;0,01453;0,01758;0,019;0,019;0,00000;0,01050;0,00000;0,00000;0,00000
871687460010148427;2024-12-24;16:00;17:00;21%;10.097,925;10.098,02;0,09500;0,12021;0,01500;0,01142;0,01284;0,01554;0,019;0,019;0,00000;0,01050;0,00000;0,00000;0,00000
871687460010148427;2024-12-24;17:00;18:00;21%;10.098,02;10.098,138;0,11800;0,11800;0,01500;0,01392;0,01569;0,01899;0,019;0,019;0,00000;0,01050;0,00000;0,00000;0,00000
871687460010148427;2024-12-24;18:00;19:00;21%;10.098,138;10.098,252;0,11400;0,11098;0,01500;0,01265;0,01436;0,01738;0,019;0,019;0,00000;0,01050;0,00000;0,00000;0,00000
871687460010148427;2024-12-24;19:00;20:00;21%;10.098,252;10.098,366;0,11400;0,10566;0,01500;0,01205;0,01376;0,01664;0,019;0,019;0,00000;0,01050;0,00000;0,00000;0,00000
871687460010148427;2024-12-24;20:00;21:00;21%;10.098,366;10.098,471;0,10500;0,10256;0,01500;0,01077;0,01234;0,01494;0,019;0,019;0,00000;0,01050;0,00000;0,00000;0,00000
871687460010148427;2024-12-24;21:00;22:00;21%;10.098,471;10.098,579;0,10800;0,09463;0,01500;0,01022;0,01184;0,01433;0,019;0,019;0,00000;0,01050;0,00000;0,00000;0,00000
871687460010148427;2024-12-24;22:00;23:00;21%;10.098,579;10.098,684;0,10500;0,09904;0,01500;0,01040;0,01197;0,01449;0,019;0,019;0,00000;0,01050;0,00000;0,00000;0,00000
871687460010148427;2024-12-24;23:00;00:00;21%;10.098,684;10.098,754;0,07000;0,09000;0,01500;0,00630;0,00735;0,00889;0,019;0,019;0,00000;0,01050;0,00000;0,00000;0,00000
871687460010148427;2024-12-25;00:00;01:00;21%;10.098,754;10.098,878;0,12400;0,09137;0,01500;0,01133;0,01319;0,01596;0,019;0,019;0,00000;0,01050;0,00000;0,00000;0,00000
871687460010148427;2024-12-25;01:00;02:00;21%;10.098,878;10.098,987;0,10900;0,08644;0,01500;0,00942;0,01106;0,01338;0,019;0,019;0,00000;0,01050;0,00000;0,00000;0,00000
871687460010148427;2024-12-25;02:00;03:00;21%;10.098,987;10.099,102;0,11500;0,08507;0,01500;0,00978;0,01151;0,01392;0,019;0,019;0,00000;0,01050;0,00000;0,00000;0,00000
871687460010148427;2024-12-25;03:00;04:00;21%;10.099,102;10.099,216;0,11400;0,08081;0,01500;0,00921;0,01092;0,01322;0,019;0,019;0,00000;0,01050;0,00000;0,00000;0,00000
871687460010148427;2024-12-25;04:00;05:00;21%;10.099,216;10.099,33;0,11400;0,07599;0,01500;0,00866;0,01037;0,01255;0,019;0,019;0,00000;0,01050;0,00000;0,00000;0,00000
871687460010148427;2024-12-25;05:00;06:00;21%;10.099,33;10.099,444;0,11400;0,08081;0,01500;0,00921;0,01092;0,01322;0,019;0,019;0,00000;0,01050;0,00000;0,00000;0,00000
871687460010148427;2024-12-25;06:00;07:00;21%;10.099,444;10.099,519;0,07500;0,08301;0,01500;0,00623;0,00735;0,00889;0,019;0,019;0,00000;0,01050;0,00000;0,00000;0,00000
871687460010148427;2024-12-25;07:00;08:00;21%;10.099,519;10.099,642;0,12300;0,08494;0,01500;0,01045;0,01229;0,01487;0,019;0,019;0,00000;0,01050;0,00000;0,00000;0,00000
871687460010148427;2024-12-25;08:00;09:00;21%;10.099,642;10.099,747;0,10500;0,09021;0,01500;0,00947;0,01105;0,01337;0,019;0,019;0,00000;0,01050;0,00000;0,00000;0,00000
871687460010148427;2024-12-25;09:00;10:00;21%;10.099,747;10.099,855;0,10800;0,09924;0,01500;0,01072;0,01234;0,01493;0,019;0,019;0,00000;0,01050;0,00000;0,00000;0,00000
871687460010148427;2024-12-25;10:00;11:00;21%;10.099,855;10.099,963;0,10800;0,09356;0,01500;0,01010;0,01172;0,01419;0,019;0,019;0,00000;0,01050;0,00000;0,00000;0,00000
871687460010148427;2024-12-25;11:00;12:00;21%;10.099,963;10.100,069;0,10600;0,09255;0,01500;0,00981;0,01140;0,01379;0,019;0,019;0,00000;0,01050;0,00000;0,00000;0,00000
871687460010148427;2024-12-25;12:00;13:00;21%;10.100,069;10.100,185;0,11600;0,09441;0,01500;0,01095;0,01269;0,01536;0,019;0,019;0,00000;0,01050;0,00000;0,00000;0,00000
871687460010148427;2024-12-25;13:00;14:00;21%;10.100,185;10.100,286;0,10100;0,09103;0,01500;0,00919;0,01071;0,01296;0,019;0,019;0,00000;0,01050;0,00000;0,00000;0,00000
871687460010148427;2024-12-25;14:00;15:00;21%;10.100,286;10.100,411;0,12500;0,09917;0,01500;0,01240;0,01427;0,01727;0,019;0,019;0,00000;0,01050;0,00000;0,00000;0,00000
871687460010148427;2024-12-25;15:00;16:00;21%;10.100,411;10.100,524;0,11300;0,11000;0,01500;0,01243;0,01413;0,01709;0,019;0,019;0,00000;0,01050;0,00000;0,00000;0,00000
871687460010148427;2024-12-25;16:00;17:00;21%;10.100,524;10.100,629;0,10500;0,11671;0,01500;0,01225;0,01383;0,01673;0,019;0,019;0,00000;0,01050;0,00000;0,00000;0,00000
871687460010148427;2024-12-25;17:00;18:00;21%;10.100,629;10.100,735;0,10600;0,12052;0,01500;0,01278;0,01437;0,01738;0,019;0,019;0,00000;0,01050;0,00000;0,00000;0,00000
871687460010148427;2024-12-25;18:00;19:00;21%;10.100,735;10.100,842;0,10700;0,11910;0,01500;0,01274;0,01435;0,01736;0,019;0,019;0,00000;0,01050;0,00000;0,00000;0,00000
871687460010148427;2024-12-25;19:00;20:00;21%;10.100,842;10.100,951;0,10900;0,11800;0,01500;0,01286;0,01450;0,01754;0,019;0,019;0,00000;0,01050;0,00000;0,00000;0,00000
871687460010148427;2024-12-25;20:00;21:00;21%;10.100,951;10.101,058;0,10700;0,11832;0,01500;0,01266;0,01427;0,01726;0,019;0,019;0,00000;0,01050;0,00000;0,00000;0,00000
871687460010148427;2024-12-25;21:00;22:00;21%;10.101,058;10.101,157;0,09900;0,11301;0,01500;0,01119;0,01267;0,01533;0,019;0,019;0,00000;0,01050;0,00000;0,00000;0,00000
871687460010148427;2024-12-25;22:00;23:00;21%;10.101,157;10.101,277;0,12000;0,11407;0,01500;0,01369;0,01549;0,01874;0,019;0,019;0,00000;0,01050;0,00000;0,00000;0,00000
871687460010148427;2024-12-25;23:00;00:00;21%;10.101,277;10.101,393;0,11600;0,10463;0,01500;0,01214;0,01388;0,01679;0,019;0,019;0,00000;0,01050;0,00000;0,00000;0,00000
871687460010148427;2024-12-26;00:00;01:00;21%;10.101,393;10.101,508;0,11500;0,10217;0,01500;0,01175;0,01347;0,01630;0,019;0,019;0,00000;0,01050;0,00000;0,00000;0,00000
871687460010148427;2024-12-26;01:00;02:00;21%;10.101,508;10.101,615;0,10700;0,09506;0,01500;0,01017;0,01178;0,01425;0,019;0,019;0,00000;0,01050;0,00000;0,00000;0,00000
871687460010148427;2024-12-26;02:00;03:00;21%;10.101,615;10.101,721;0,10600;0,09461;0,01500;0,01003;0,01162;0,01406;0,019;0,019;0,00000;0,01050;0,00000;0,00000;0,00000
871687460010148427;2024-12-26;03:00;04:00;21%;10.101,721;10.101,828;0,10700;0,08964;0,01500;0,00959;0,01120;0,01355;0,019;0,019;0,00000;0,01050;0,00000;0,00000;0,00000
871687460010148427;2024-12-26;04:00;05:00;21%;10.101,828;10.101,899;0,07100;0,09087;0,01500;0,00645;0,00752;0,00910;0,019;0,019;0,00000;0,01050;0,00000;0,00000;0,00000
871687460010148427;2024-12-26;05:00;06:00;21%;10.101,899;10.102,023;0,12400;0,09510;0,01500;0,01179;0,01365;0,01652;0,019;0,019;0,00000;0,01050;0,00000;0,00000;0,00000
871687460010148427;2024-12-26;06:00;07:00;21%;10.102,023;10.102,133;0,11000;0,09900;0,01500;0,01089;0,01254;0,01517;0,019;0,019;0,00000;0,01050;0,00000;0,00000;0,00000
871687460010148427;2024-12-26;07:00;08:00;21%;10.102,133;10.102,248;0,11500;0,11262;0,01500;0,01295;0,01468;0,01776;0,019;0,019;0,00000;0,01050;0,00000;0,00000;0,00000
871687460010148427;2024-12-26;08:00;09:00;21%;10.102,248;10.102,362;0,11400;0,11918;0,01500;0,01359;0,01530;0,01851;0,019;0,019;0,00000;0,01050;0,00000;0,00000;0,00000
871687460010148427;2024-12-26;09:00;10:00;21%;10.102,362;10.102,477;0,11500;0,11823;0,01500;0,01360;0,01532;0,01854;0,019;0,019;0,00000;0,01050;0,00000;0,00000;0,00000
871687460010148427;2024-12-26;10:00;11:00;21%;10.102,477;10.102,589;0,11200;0,11325;0,01500;0,01268;0,01436;0,01738;0,019;0,019;0,00000;0,01050;0,00000;0,00000;0,00000
871687460010148427;2024-12-26;11:00;12:00;21%;10.102,589;10.102,66;0,07100;0,10601;0,01500;0,00753;0,00859;0,01040;0,019;0,019;0,00000;0,01050;0,00000;0,00000;0,00000
871687460010148427;2024-12-26;12:00;13:00;21%;10.102,66;10.102,786;0,12600;0,10771;0,01500;0,01357;0,01546;0,01871;0,019;0,019;0,00000;0,01050;0,00000;0,00000;0,00000
871687460010148427;2024-12-26;13:00;14:00;21%;10.102,786;10.102,892;0,10600;0,10390;0,01500;0,01101;0,01260;0,01525;0,019;0,019;0,00000;0,01050;0,00000;0,00000;0,00000
871687460010148427;2024-12-26;14:00;15:00;21%;10.102,892;10.102,999;0,10700;0,10964;0,01500;0,01173;0,01334;0,01614;0,019;0,019;0,00000;0,01050;0,00000;0,00000;0,00000
871687460010148427;2024-12-26;15:00;16:00;21%;10.102,999;10.103,113;0,11400;0,12075;0,01500;0,01377;0,01548;0,01873;0,019;0,019;0,00000;0,01050;0,00000;0,00000;0,00000
871687460010148427;2024-12-26;16:00;17:00;21%;10.103,113;10.103,228;0,11500;0,12866;0,01500;0,01480;0,01652;0,01999;0,019;0,019;0,00000;0,01050;0,00000;0,00000;0,00000
871687460010148427;2024-12-26;17:00;18:00;21%;10.103,228;10.103,343;0,11500;0,13790;0,01500;0,01586;0,01758;0,02128;0,019;0,019;0,00000;0,01050;0,00000;0,00000;0,00000
871687460010148427;2024-12-26;18:00;19:00;21%;10.103,343;10.103,426;0,08300;0,13805;0,01500;0,01146;0,01270;0,01537;0,019;0,019;0,00000;0,01050;0,00000;0,00000;0,00000
871687460010148427;2024-12-26;19:00;20:00;21%;10.103,426;10.103,55;0,12400;0,13571;0,01500;0,01683;0,01869;0,02261;0,019;0,019;0,00000;0,01050;0,00000;0,00000;0,00000
871687460010148427;2024-12-26;20:00;21:00;21%;10.103,55;10.103,655;0,10500;0,12913;0,01500;0,01356;0,01513;0,01831;0,019;0,019;0,00000;0,01050;0,00000;0,00000;0,00000
871687460010148427;2024-12-26;21:00;22:00;21%;10.103,655;10.103,76;0,10500;0,12085;0,01500;0,01269;0,01426;0,01726;0,019;0,019;0,00000;0,01050;0,00000;0,00000;0,00000
871687460010148427;2024-12-26;22:00;23:00;21%;10.103,76;10.103,865;0,10500;0,12350;0,01500;0,01297;0,01454;0,01760;0,019;0,019;0,00000;0,01050;0,00000;0,00000;0,00000
871687460010148427;2024-12-26;23:00;00:00;21%;10.103,865;10.103,974;0,10900;0,11698;0,01500;0,01275;0,01439;0,01741;0,019;0,019;0,00000;0,01050;0,00000;0,00000;0,00000
871687460010148427;2024-12-27;00:00;01:00;21%;10.103,974;10.104,082;0,10800;0,10679;0,01500;0,01153;0,01315;0,01592;0,019;0,019;0,00000;0,01050;0,00000;0,00000;0,00000
871687460010148427;2024-12-27;01:00;02:00;21%;10.104,082;10.104,186;0,10400;0,10152;0,01500;0,01056;0,01212;0,01466;0,019;0,019;0,00000;0,01050;0,00000;0,00000;0,00000
871687460010148427;2024-12-27;02:00;03:00;21%;10.104,186;10.104,307;0,12100;0,10103;0,01500;0,01222;0,01404;0,01699;0,019;0,019;0,00000;0,01050;0,00000;0,00000;0,00000
871687460010148427;2024-12-27;03:00;04:00;21%;10.104,307;10.104,419;0,11200;0,09974;0,01500;0,01117;0,01285;0,01555;0,019;0,019;0,00000;0,01050;0,00000;0,00000;0,00000
871687460010148427;2024-12-27;04:00;05:00;21%;10.104,419;10.104,524;0,10500;0,09958;0,01500;0,01046;0,01203;0,01456;0,019;0,019;0,00000;0,01050;0,00000;0,00000;0,00000
871687460010148427;2024-12-27;05:00;06:00;21%;10.104,524;10.104,629;0,10500;0,10620;0,01500;0,01115;0,01273;0,01540;0,019;0,019;0,00000;0,01050;0,00000;0,00000;0,00000
871687460010148427;2024-12-27;06:00;07:00;21%;10.104,629;10.104,735;0,10600;0,11570;0,01500;0,01226;0,01385;0,01676;0,019;0,019;0,00000;0,01050;0,00000;0,00000;0,00000
871687460010148427;2024-12-27;07:00;08:00;21%;10.104,735;10.104,841;0,10600;0,12429;0,01500;0,01317;0,01476;0,01787;0,019;0,019;0,00000;0,01050;0,00000;0,00000;0,00000
871687460010148427;2024-12-27;08:00;09:00;21%;10.104,841;10.104,947;0,10600;0,13185;0,01500;0,01398;0,01557;0,01883;0,019;0,019;0,00000;0,01050;0,00000;0,00000;0,00000
871687460010148427;2024-12-27;09:00;10:00;21%;10.104,947;10.105,045;0,09800;0,13015;0,01500;0,01275;0,01422;0,01721;0,019;0,019;0,00000;0,01050;0,00000;0,00000;0,00000
871687460010148427;2024-12-27;10:00;11:00;21%;10.105,045;10.105,164;0,11900;0,12010;0,01500;0,01429;0,01608;0,01945;0,019;0,019;0,00000;0,01050;0,00000;0,00000;0,00000
871687460010148427;2024-12-27;11:00;12:00;21%;10.105,164;10.105,282;0,11800;0,10794;0,01500;0,01274;0,01451;0,01755;0,019;0,019;0,00000;0,01050;0,00000;0,00000;0,00000
871687460010148427;2024-12-27;12:00;13:00;21%;10.105,282;10.105,398;0,11600;0,10781;0,01500;0,01251;0,01425;0,01724;0,019;0,019;0,00000;0,01050;0,00000;0,00000;0,00000
871687460010148427;2024-12-27;13:00;14:00;21%;10.105,398;10.105,505;0,10700;0,10794;0,01500;0,01155;0,01315;0,01592;0,019;0,019;0,00000;0,01050;0,00000;0,00000;0,00000
871687460010148427;2024-12-27;14:00;15:00;21%;10.105,505;10.105,612;0,10700;0,12012;0,01500;0,01285;0,01446;0,01749;0,019;0,019;0,00000;0,01050;0,00000;0,00000;0,00000
871687460010148427;2024-12-27;15:00;16:00;21%;10.105,612;10.105,718;0,10600;0,13364;0,01500;0,01417;0,01576;0,01906;0,019;0,019;0,00000;0,01050;0,00000;0,00000;0,00000
871687460010148427;2024-12-27;16:00;17:00;21%;10.105,718;10.105,789;0,07100;0,14421;0,01500;0,01024;0,01130;0,01368;0,019;0,019;0,00000;0,01050;0,00000;0,00000;0,00000
871687460010148427;2024-12-27;17:00;18:00;21%;10.105,789;10.105,914;0,12500;0,15155;0,01500;0,01894;0,02082;0,02519;0,019;0,019;0,00000;0,01050;0,00000;0,00000;0,00000
871687460010148427;2024-12-27;18:00;19:00;21%;10.105,914;10.106,023;0,10900;0,15840;0,01500;0,01727;0,01890;0,02287;0,019;0,019;0,00000;0,01050;0,00000;0,00000;0,00000
871687460010148427;2024-12-27;19:00;20:00;21%;10.106,023;10.106,138;0,11500;0,14643;0,01500;0,01684;0,01856;0,02246;0,019;0,019;0,00000;0,01050;0,00000;0,00000;0,00000
871687460010148427;2024-12-27;20:00;21:00;21%;10.106,138;10.106,252;0,11400;0,13314;0,01500;0,01518;0,01689;0,02043;0,019;0,019;0,00000;0,01050;0,00000;0,00000;0,00000
871687460010148427;2024-12-27;21:00;22:00;21%;10.106,252;10.106,366;0,11400;0,12542;0,01500;0,01430;0,01601;0,01937;0,019;0,019;0,00000;0,01050;0,00000;0,00000;0,00000
871687460010148427;2024-12-27;22:00;23:00;21%;10.106,366;10.106,478;0,11200;0,12676;0,01500;0,01420;0,01588;0,01921;0,019;0,019;0,00000;0,01050;0,00000;0,00000;0,00000
871687460010148427;2024-12-27;23:00;00:00;21%;10.106,478;10.106,548;0,07000;0,11400;0,01500;0,00798;0,00903;0,01093;0,019;0,019;0,00000;0,01050;0,00000;0,00000;0,00000
871687460010148427;2024-12-28;00:00;01:00;21%;10.106,548;10.106,674;0,12600;0,12640;0,01500;0,01593;0,01782;0,02156;0,019;0,019;0,00000;0,01050;0,00000;0,00000;0,00000
871687460010148427;2024-12-28;01:00;02:00;21%;10.106,674;10.106,78;0,10600;0,11663;0,01500;0,01236;0,01395;0,01688;0,019;0,019;0,00000;0,01050;0,00000;0,00000;0,00000
871687460010148427;2024-12-28;02:00;03:00;21%;10.106,78;10.106,886;0,10600;0,11015;0,01500;0,01168;0,01327;0,01605;0,019;0,019;0,00000;0,01050;0,00000;0,00000;0,00000
871687460010148427;2024-12-28;03:00;04:00;21%;10.106,886;10.106,992;0,10600;0,10592;0,01500;0,01123;0,01282;0,01551;0,019;0,019;0,00000;0,01050;0,00000;0,00000;0,00000
871687460010148427;2024-12-28;04:00;05:00;21%;10.106,992;10.107,099;0,10700;0,10293;0,01500;0,01101;0,01262;0,01527;0,019;0,019;0,00000;0,01050;0,00000;0,00000;0,00000
871687460010148427;2024-12-28;05:00;06:00;21%;10.107,099;10.107,212;0,11300;0,10558;0,01500;0,01193;0,01363;0,01649;0,019;0,019;0,00000;0,01050;0,00000;0,00000;0,00000
871687460010148427;2024-12-28;06:00;07:00;21%;10.107,212;10.107,308;0,09600;0,10971;0,01500;0,01053;0,01197;0,01449;0,019;0,019;0,00000;0,01050;0,00000;0,00000;0,00000
871687460010148427;2024-12-28;07:00;08:00;21%;10.107,308;10.107,43;0,12200;0,12424;0,01500;0,01516;0,01699;0,02055;0,019;0,019;0,00000;0,01050;0,00000;0,00000;0,00000
871687460010148427;2024-12-28;08:00;09:00;21%;10.107,43;10.107,538;0,10800;0,12800;0,01500;0,01382;0,01544;0,01869;0,019;0,019;0,00000;0,01050;0,00000;0,00000;0,00000
871687460010148427;2024-12-28;09:00;10:00;21%;10.107,538;10.107,645;0,10700;0,12830;0,01500;0,01373;0,01533;0,01855;0,019;0,019;0,00000;0,01050;0,00000;0,00000;0,00000
871687460010148427;2024-12-28;10:00;11:00;21%;10.107,645;10.107,753;0,10800;0,12283;0,01500;0,01327;0,01489;0,01801;0,019;0,019;0,00000;0,01050;0,00000;0,00000;0,00000
871687460010148427;2024-12-28;11:00;12:00;21%;10.107,753;10.107,86;0,10700;0,11340;0,01500;0,01213;0,01374;0,01662;0,019;0,019;0,00000;0,01050;0,00000;0,00000;0,00000
871687460010148427;2024-12-28;12:00;13:00;21%;10.107,86;10.107,967;0,10700;0,10897;0,01500;0,01166;0,01326;0,01605;0,019;0,019;0,00000;0,01050;0,00000;0,00000;0,00000
871687460010148427;2024-12-28;13:00;14:00;21%;10.107,967;10.108,074;0,10700;0,11001;0,01500;0,01177;0,01338;0,01619;0,019;0,019;0,00000;0,01050;0,00000;0,00000;0,00000
871687460010148427;2024-12-28;14:00;15:00;21%;10.108,074;10.108,166;0,09200;0,11724;0,01500;0,01079;0,01217;0,01472;0,019;0,019;0,00000;0,01050;0,00000;0,00000;0,00000
871687460010148427;2024-12-28;15:00;16:00;21%;10.108,166;10.108,284;0,11800;0,13410;0,01500;0,01582;0,01759;0,02129;0,019;0,019;0,00000;0,01050;0,00000;0,00000;0,00000
871687460010148427;2024-12-28;16:00;17:00;21%;10.108,284;10.108,4;0,11600;0,14002;0,01500;0,01624;0,01798;0,02176;0,019;0,019;0,00000;0,01050;0,00000;0,00000;0,00000
871687460010148427;2024-12-28;17:00;18:00;21%;10.108,4;10.108,513;0,11300;0,15049;0,01500;0,01701;0,01870;0,02263;0,019;0,019;0,00000;0,01050;0,00000;0,00000;0,00000
871687460010148427;2024-12-28;18:00;19:00;21%;10.108,513;10.108,625;0,11200;0,14780;0,01500;0,01655;0,01823;0,02206;0,019;0,019;0,00000;0,01050;0,00000;0,00000;0,00000
871687460010148427;2024-12-28;19:00;20:00;21%;10.108,625;10.108,731;0,10600;0,14088;0,01500;0,01493;0,01652;0,01999;0,019;0,019;0,00000;0,01050;0,00000;0,00000;0,00000
871687460010148427;2024-12-28;20:00;21:00;21%;10.108,731;10.108,837;0,10600;0,12959;0,01500;0,01374;0,01533;0,01855;0,019;0,019;0,00000;0,01050;0,00000;0,00000;0,00000
871687460010148427;2024-12-28;21:00;22:00;21%;10.108,837;10.108,907;0,07000;0,12590;0,01500;0,00881;0,00986;0,01193;0,019;0,019;0,00000;0,01050;0,00000;0,00000;0,00000
871687460010148427;2024-12-28;22:00;23:00;21%;10.108,907;10.109,033;0,12600;0,12125;0,01500;0,01528;0,01717;0,02077;0,019;0,019;0,00000;0,01050;0,00000;0,00000;0,00000
871687460010148427;2024-12-28;23:00;00:00;21%;10.109,033;10.109,14;0,10700;0,11500;0,01500;0,01231;0,01391;0,01683;0,019;0,019;0,00000;0,01050;0,00000;0,00000;0,00000
871687460010148427;2024-12-29;00:00;01:00;21%;10.109,14;10.109,246;0,10600;0,12739;0,01500;0,01350;0,01509;0,01826;0,019;0,019;0,00000;0,01050;0,00000;0,00000;0,00000
871687460010148427;2024-12-29;01:00;02:00;21%;10.109,246;10.109,354;0,10800;0,11409;0,01500;0,01232;0,01394;0,01687;0,019;0,019;0,00000;0,01050;0,00000;0,00000;0,00000
871687460010148427;2024-12-29;02:00;03:00;21%;10.109,354;10.109,467;0,11300;0,10771;0,01500;0,01217;0,01387;0,01678;0,019;0,019;0,00000;0,01050;0,00000;0,00000;0,00000
871687460010148427;2024-12-29;03:00;04:00;21%;10.109,467;10.109,579;0,11200;0,10170;0,01500;0,01139;0,01307;0,01582;0,019;0,019;0,00000;0,01050;0,00000;0,00000;0,00000
871687460010148427;2024-12-29;04:00;05:00;21%;10.109,579;10.109,671;0,09200;0,09773;0,01500;0,00899;0,01037;0,01255;0,019;0,019;0,00000;0,01050;0,00000;0,00000;0,00000
871687460010148427;2024-12-29;05:00;06:00;21%;10.109,671;10.109,794;0,12300;0,09861;0,01500;0,01213;0,01397;0,01691;0,019;0,019;0,00000;0,01050;0,00000;0,00000;0,00000
871687460010148427;2024-12-29;06:00;07:00;21%;10.109,794;10.109,9;0,10600;0,09816;0,01500;0,01040;0,01199;0,01451;0,019;0,019;0,00000;0,01050;0,00000;0,00000;0,00000
871687460010148427;2024-12-29;07:00;08:00;21%;10.109,9;10.110,006;0,10600;0,10356;0,01500;0,01098;0,01257;0,01521;0,019;0,019;0,00000;0,01050;0,00000;0,00000;0,00000
871687460010148427;2024-12-29;08:00;09:00;21%;10.110,006;10.110,112;0,10600;0,11071;0,01500;0,01174;0,01333;0,01612;0,019;0,019;0,00000;0,01050;0,00000;0,00000;0,00000
871687460010148427;2024-12-29;09:00;10:00;21%;10.110,112;10.110,218;0,10600;0,11817;0,01500;0,01253;0,01412;0,01708;0,019;0,019;0,00000;0,01050;0,00000;0,00000;0,00000
871687460010148427;2024-12-29;10:00;11:00;21%;10.110,218;10.110,326;0,10800;0,12870;0,01500;0,01390;0,01552;0,01878;0,019;0,019;0,00000;0,01050;0,00000;0,00000;0,00000
871687460010148427;2024-12-29;11:00;12:00;21%;10.110,326;10.110,432;0,10600;0,12120;0,01500;0,01285;0,01444;0,01747;0,019;0,019;0,00000;0,01050;0,00000;0,00000;0,00000
871687460010148427;2024-12-29;12:00;13:00;21%;10.110,432;10.110,518;0,08600;0,12277;0,01500;0,01056;0,01185;0,01434;0,019;0,019;0,00000;0,01050;0,00000;0,00000;0,00000
871687460010148427;2024-12-29;13:00;14:00;21%;10.110,518;10.110,637;0,11900;0,12400;0,01500;0,01476;0,01654;0,02001;0,019;0,019;0,00000;0,01050;0,00000;0,00000;0,00000
871687460010148427;2024-12-29;14:00;15:00;21%;10.110,637;10.110,753;0,11600;0,12870;0,01500;0,01493;0,01667;0,02017;0,019;0,019;0,00000;0,01050;0,00000;0,00000;0,00000
871687460010148427;2024-12-29;15:00;16:00;21%;10.110,753;10.110,867;0,11400;0,12001;0,01500;0,01368;0,01539;0,01862;0,019;0,019;0,00000;0,01050;0,00000;0,00000;0,00000
871687460010148427;2024-12-29;16:00;17:00;21%;10.110,867;10.110,98;0,11300;0,12288;0,01500;0,01389;0,01558;0,01885;0,019;0,019;0,00000;0,01050;0,00000;0,00000;0,00000
871687460010148427;2024-12-29;17:00;18:00;21%;10.110,98;10.111,089;0,10900;0,14493;0,01500;0,01580;0,01743;0,02109;0,019;0,019;0,00000;0,01050;0,00000;0,00000;0,00000
871687460010148427;2024-12-29;18:00;19:00;21%;10.111,089;10.111,196;0,10700;0,13810;0,01500;0,01478;0,01638;0,01982;0,019;0,019;0,00000;0,01050;0,00000;0,00000;0,00000
871687460010148427;2024-12-29;19:00;20:00;21%;10.111,196;10.111,265;0,06900;0,10990;0,01500;0,00758;0,00862;0,01043;0,019;0,019;0,00000;0,01050;0,00000;0,00000;0,00000
871687460010148427;2024-12-29;20:00;21:00;21%;10.111,265;10.111,392;0,12700;0,09508;0,01500;0,01208;0,01398;0,01692;0,019;0,019;0,00000;0,01050;0,00000;0,00000;0,00000
871687460010148427;2024-12-29;21:00;22:00;21%;10.111,392;10.111,497;0,10500;0,09286;0,01500;0,00975;0,01133;0,01370;0,019;0,019;0,00000;0,01050;0,00000;0,00000;0,00000
871687460010148427;2024-12-29;22:00;23:00;21%;10.111,497;10.111,603;0,10600;0,08613;0,01500;0,00913;0,01072;0,01297;0,019;0,019;0,00000;0,01050;0,00000;0,00000;0,00000
871687460010148427;2024-12-29;23:00;00:00;21%;10.111,603;10.111,709;0,10600;0,07373;0,01500;0,00782;0,00941;0,01138;0,019;0,019;0,00000;0,01050;0,00000;0,00000;0,00000
871687460010148427;2024-12-30;00:00;01:00;21%;10.111,709;10.111,815;0,10600;0,07553;0,01500;0,00801;0,00960;0,01161;0,019;0,019;0,00000;0,01050;0,00000;0,00000;0,00000
871687460010148427;2024-12-30;01:00;02:00;21%;10.111,815;10.111,927;0,11200;0,07620;0,01500;0,00853;0,01021;0,01236;0,019;0,019;0,00000;0,01050;0,00000;0,00000;0,00000
871687460010148427;2024-12-30;02:00;03:00;21%;10.111,927;10.112,028;0,10100;0,06520;0,01500;0,00659;0,00810;0,00980;0,019;0,019;0,00000;0,01050;0,00000;0,00000;0,00000
871687460010148427;2024-12-30;03:00;04:00;21%;10.112,028;10.112,142;0,11400;0,04000;0,01500;0,00456;0,00627;0,00759;0,019;0,019;0,00000;0,01050;0,00000;0,00000;0,00000
871687460010148427;2024-12-30;04:00;05:00;21%;10.112,142;10.112,258;0,11600;0,03490;0,01500;0,00405;0,00579;0,00700;0,019;0,019;0,00000;0,01050;0,00000;0,00000;0,00000
871687460010148427;2024-12-30;05:00;06:00;21%;10.112,258;10.112,366;0,10800;0,06703;0,01500;0,00724;0,00886;0,01072;0,019;0,019;0,00000;0,01050;0,00000;0,00000;0,00000
871687460010148427;2024-12-30;06:00;07:00;21%;10.112,366;10.112,471;0,10500;0,07363;0,01500;0,00773;0,00931;0,01126;0,019;0,019;0,00000;0,01050;0,00000;0,00000;0,00000
871687460010148427;2024-12-30;07:00;08:00;21%;10.112,471;10.112,577;0,10600;0,08156;0,01500;0,00865;0,01024;0,01238;0,019;0,019;0,00000;0,01050;0,00000;0,00000;0,00000
871687460010148427;2024-12-30;08:00;09:00;21%;10.112,577;10.112,683;0,10600;0,10830;0,01500;0,01148;0,01307;0,01581;0,019;0,019;0,00000;0,01050;0,00000;0,00000;0,00000
871687460010148427;2024-12-30;09:00;10:00;21%;10.112,683;10.112,789;0,10600;0,13358;0,01500;0,01416;0,01575;0,01906;0,019;0,019;0,00000;0,01050;0,00000;0,00000;0,00000
871687460010148427;2024-12-30;10:00;11:00;21%;10.112,789;10.112,861;0,07200;0,13500;0,01500;0,00972;0,01080;0,01307;0,019;0,019;0,00000;0,01050;0,00000;0,00000;0,00000
871687460010148427;2024-12-30;11:00;12:00;21%;10.112,861;10.112,984;0,12300;0,12490;0,01500;0,01536;0,01721;0,02082;0,019;0,019;0,00000;0,01050;0,00000;0,00000;0,00000
871687460010148427;2024-12-30;12:00;13:00;21%;10.112,984;10.113,093;0,10900;0,08510;0,01500;0,00928;0,01091;0,01320;0,019;0,019;0,00000;0,01050;0,00000;0,00000;0,00000
871687460010148427;2024-12-30;13:00;14:00;21%;10.113,093;10.113,209;0,11600;0,08086;0,01500;0,00938;0,01112;0,01345;0,019;0,019;0,00000;0,01050;0,00000;0,00000;0,00000
871687460010148427;2024-12-30;14:00;15:00;21%;10.113,209;10.113,323;0,11400;0,08440;0,01500;0,00962;0,01133;0,01371;0,019;0,019;0,00000;0,01050;0,00000;0,00000;0,00000
871687460010148427;2024-12-30;15:00;16:00;21%;10.113,323;10.113,436;0,11300;0,10340;0,01500;0,01168;0,01338;0,01619;0,019;0,019;0,00000;0,01050;0,00000;0,00000;0,00000
871687460010148427;2024-12-30;16:00;17:00;21%;10.113,436;10.113,549;0,11300;0,13600;0,01500;0,01537;0,01706;0,02065;0,019;0,019;0,00000;0,01050;0,00000;0,00000;0,00000
871687460010148427;2024-12-30;17:00;18:00;21%;10.113,549;10.113,631;0,08200;0,15000;0,01500;0,01230;0,01353;0,01637;0,019;0,019;0,00000;0,01050;0,00000;0,00000;0,00000
871687460010148427;2024-12-30;18:00;19:00;21%;10.113,631;10.113,758;0,12700;0,10993;0,01500;0,01396;0,01587;0,01920;0,019;0,019;0,00000;0,01050;0,00000;0,00000;0,00000
871687460010148427;2024-12-30;19:00;20:00;21%;10.113,758;10.113,864;0,10600;0,08742;0,01500;0,00927;0,01086;0,01314;0,019;0,019;0,00000;0,01050;0,00000;0,00000;0,00000
871687460010148427;2024-12-30;20:00;21:00;21%;10.113,864;10.113,975;0,11100;0,07584;0,01500;0,00842;0,01008;0,01220;0,019;0,019;0,00000;0,01050;0,00000;0,00000;0,00000
871687460010148427;2024-12-30;21:00;22:00;21%;10.113,975;10.114,084;0,10900;0,06851;0,01500;0,00747;0,00910;0,01101;0,019;0,019;0,00000;0,01050;0,00000;0,00000;0,00000
871687460010148427;2024-12-30;22:00;23:00;21%;10.114,084;10.114,191;0,10700;0,06795;0,01500;0,00727;0,00888;0,01074;0,019;0,019;0,00000;0,01050;0,00000;0,00000;0,00000
871687460010148427;2024-12-30;23:00;00:00;21%;10.114,191;10.114,296;0,10500;0,03647;0,01500;0,00383;0,00540;0,00654;0,019;0,019;0,00000;0,01050;0,00000;0,00000;0,00000
871687460010148427;2024-12-31;00:00;01:00;21%;10.114,296;10.114,404;0,10800;0,07630;0,01500;0,00824;0,00986;0,01193;0,019;0,019;0,00000;0,01050;0,00000;0,00000;0,00000
871687460010148427;2024-12-31;01:00;02:00;21%;10.114,404;10.114,493;0,08900;0,05490;0,01500;0,00489;0,00622;0,00753;0,019;0,019;0,00000;0,01050;0,00000;0,00000;0,00000
871687460010148427;2024-12-31;02:00;03:00;21%;10.114,493;10.114,615;0,12200;0,05643;0,01500;0,00688;0,00871;0,01054;0,019;0,019;0,00000;0,01050;0,00000;0,00000;0,00000
871687460010148427;2024-12-31;03:00;04:00;21%;10.114,615;10.114,731;0,11600;0,03490;0,01500;0,00405;0,00579;0,00700;0,019;0,019;0,00000;0,01050;0,00000;0,00000;0,00000
871687460010148427;2024-12-31;04:00;05:00;21%;10.114,731;10.114,847;0,11600;0,03088;0,01500;0,00358;0,00532;0,00644;0,019;0,019;0,00000;0,01050;0,00000;0,00000;0,00000
871687460010148427;2024-12-31;05:00;06:00;21%;10.114,847;10.114,963;0,11600;0,03021;0,01500;0,00350;0,00524;0,00635;0,019;0,019;0,00000;0,01050;0,00000;0,00000;0,00000
871687460010148427;2024-12-31;06:00;07:00;21%;10.114,963;10.115,072;0,10900;0,04000;0,01500;0,00436;0,00600;0,00725;0,019;0,019;0,00000;0,01050;0,00000;0,00000;0,00000
871687460010148427;2024-12-31;07:00;08:00;21%;10.115,072;10.115,18;0,10800;0,07029;0,01500;0,00759;0,00921;0,01115;0,019;0,019;0,00000;0,01050;0,00000;0,00000;0,00000
871687460010148427;2024-12-31;08:00;09:00;21%;10.115,18;10.115,251;0,07100;0,09900;0,01500;0,00703;0,00809;0,00979;0,019;0,019;0,00000;0,01050;0,00000;0,00000;0,00000
871687460010148427;2024-12-31;09:00;10:00;21%;10.115,251;10.115,378;0,12700;0,14799;0,01500;0,01879;0,02070;0,02505;0,019;0,019;0,00000;0,01050;0,00000;0,00000;0,00000
871687460010148427;2024-12-31;10:00;11:00;21%;10.115,378;10.115,489;0,11100;0,14990;0,01500;0,01664;0,01830;0,02215;0,019;0,019;0,00000;0,01050;0,00000;0,00000;0,00000
871687460010148427;2024-12-31;11:00;12:00;21%;10.115,489;10.115,599;0,11000;0,13700;0,01500;0,01507;0,01672;0,02023;0,019;0,019;0,00000;0,01050;0,00000;0,00000;0,00000
871687460010148427;2024-12-31;12:00;13:00;21%;10.115,599;10.115,707;0,10800;0,12170;0,01500;0,01314;0,01476;0,01786;0,019;0,019;0,00000;0,01050;0,00000;0,00000;0,00000
871687460010148427;2024-12-31;13:00;14:00;21%;10.115,707;10.115,818;0,11100;0,09900;0,01500;0,01099;0,01265;0,01531;0,019;0,019;0,00000;0,01050;0,00000;0,00000;0,00000
871687460010148427;2024-12-31;14:00;15:00;21%;10.115,818;10.115,928;0,11000;0,08400;0,01500;0,00924;0,01089;0,01318;0,019;0,019;0,00000;0,01050;0,00000;0,00000;0,00000
871687460010148427;2024-12-31;15:00;16:00;21%;10.115,928;10.116,035;0,10700;0,08432;0,01500;0,00902;0,01063;0,01286;0,019;0,019;0,00000;0,01050;0,00000;0,00000;0,00000
871687460010148427;2024-12-31;16:00;17:00;21%;10.116,035;10.116,151;0,11600;0,09490;0,01500;0,01101;0,01275;0,01543;0,019;0,019;0,00000;0,01050;0,00000;0,00000;0,00000
871687460010148427;2024-12-31;17:00;18:00;21%;10.116,151;10.116,269;0,11800;0,12170;0,01500;0,01436;0,01613;0,01952;0,019;0,019;0,00000;0,01050;0,00000;0,00000;0,00000
871687460010148427;2024-12-31;18:00;19:00;21%;10.116,269;10.116,376;0,10700;0,09900;0,01500;0,01059;0,01220;0,01476;0,019;0,019;0,00000;0,01050;0,00000;0,00000;0,00000
871687460010148427;2024-12-31;19:00;20:00;21%;10.116,376;10.116,483;0,10700;0,07056;0,01500;0,00755;0,00915;0,01108;0,019;0,019;0,00000;0,01050;0,00000;0,00000;0,00000
871687460010148427;2024-12-31;20:00;21:00;21%;10.116,483;10.116,59;0,10700;0,05990;0,01500;0,00641;0,00801;0,00970;0,019;0,019;0,00000;0,01050;0,00000;0,00000;0,00000
871687460010148427;2024-12-31;21:00;22:00;21%;10.116,59;10.116,696;0,10600;0,01820;0,01500;0,00193;0,00352;0,00426;0,019;0,019;0,00000;0,01050;0,00000;0,00000;0,00000
871687460010148427;2024-12-31;22:00;23:00;21%;10.116,696;10.116,803;0,10700;0,00906;0,01500;0,00097;0,00257;0,00312;0,019;0,019;0,00000;0,01050;0,00000;0,00000;0,00000
871687460010148427;2024-12-31;23:00;00:00;21%;10.116,803;10.116,885;0,08200;0,00052;0,01500;0,00004;0,00127;0,00154;0,019;0,019;0,00000;0,01050;0,00000;0,00000;0,00000
